ASN;Country;IP Block;First Spoofed Timestamp;First Fixed Timestamp
268210;bra (Brazil);2804:4da4:xx::/64;2020-09-15 11:04:47;2020-09-15 11:15:36
263661;bra (Brazil);2804:1128:40xx::/64;2020-09-08 12:22:42;2020-09-11 13:27:57
263661;bra (Brazil);177.221.56.x/32;2020-07-31 22:01:58;2020-09-11 01:17:05
269362;bra (Brazil);45.184.241.x/32;2020-09-10 19:44:01;2020-09-10 19:48:38
269362;bra (Brazil);45.184.242.x/24;2020-09-04 18:00:18;2020-09-10 14:17:37
52861;bra (Brazil);177.124.32.x/32;2020-09-08 21:01:37;2020-09-09 17:25:23
52861;bra (Brazil);2804:7bc:fexx::/64;2020-09-08 21:01:37;2020-09-09 17:25:23
61730;bra (Brazil);131.72.141.x/32;2020-08-03 13:20:50;2020-09-09 13:12:15
265141;bra (Brazil);2804:2b38:4xx::/64;2020-09-02 00:15:40;2020-09-09 01:10:13
265141;bra (Brazil);143.255.12.x/32;2020-09-01 12:36:56;2020-09-08 19:57:11
265141;bra (Brazil);2804:2b38:2xx::/64;2020-09-01 12:36:56;2020-09-08 19:57:11
61317 (ASDETUK);zaf (South Africa);154.16.63.x/24;2016-05-11 10:51:25;2020-09-07 10:12:43
269362;bra (Brazil);2804:6374:40xx::/64;2020-09-03 13:51:54;2020-09-03 14:58:19
9009 (M247);usa (United States);193.37.252.x/32;2020-03-05 08:54:37;2020-09-02 13:34:12
270553;bra (Brazil);189.85.110.x/32;2020-08-31 17:08:22;2020-09-02 12:45:07
52771;bra (Brazil);177.155.209.x/32;2020-08-28 00:39:17;2020-09-01 21:27:24
52771;bra (Brazil);2804:2fa4:xx::/64;2020-08-28 00:39:17;2020-09-01 21:27:24
39939 (RISE-CO-AS39939);usa (United States);76.76.94.x/32;2018-04-14 18:36:21;2020-09-01 18:12:07
29680 (VOZTELECOM);esp (Spain);217.18.237.x/32;2020-08-25 09:22:07;2020-08-31 20:29:36
134697 (LAUNTEL-AS-AP);aus (Australia);87.121.72.x/32;2020-08-24 02:16:13;2020-08-28 06:08:05
60068 (CDN77);usa (United States);156.146.42.x/32;2020-08-18 14:40:40;2020-08-27 04:29:08
52694;bra (Brazil);177.73.36.x/24;2020-03-07 01:16:20;2020-08-22 19:54:19
52694;bra (Brazil);2804:c58:xx::/64;2020-08-22 16:35:55;2020-08-22 19:54:19
29680 (VOZTELECOM);esp (Spain);193.238.55.x/24;2020-08-18 07:32:27;2020-08-19 07:06:37
209299 (VITOX-TELECOM);nld (Netherlands);2a0d:a740:xx::/64;2019-12-15 19:34:26;2020-08-17 15:38:11
268638;bra (Brazil);2804:5444:axx::/64;2020-06-12 12:25:21;2020-08-17 14:24:32
10965 (MRNET);can (Canada);2001:410:20xx::/64;2020-08-15 02:58:10;2020-08-15 03:04:34
270670;ury (Uruguay);187.0.36.x/32;2020-08-06 20:28:57;2020-08-13 22:50:13
213151;nld (Netherlands);2a06:e881:73xx::/64;2020-06-23 02:08:55;2020-08-11 21:47:07
264478;bra (Brazil);2804:2038:80xx::/64;2017-06-06 16:53:07;2020-08-10 11:40:47
264478;bra (Brazil);131.255.117.x/32;2020-01-22 11:13:24;2020-08-10 11:37:14
264478;bra (Brazil);138.122.135.x/32;2020-06-20 22:29:57;2020-08-09 20:33:31
9009 (M247);gbr (United Kingdom);37.10.71.x/24;2020-06-19 15:16:07;2020-08-03 01:04:50
262977;bra (Brazil);177.190.88.x/32;2020-07-30 12:34:33;2020-07-30 12:58:52
39040 (AnotherAutonomousSystem);che (Switzerland);77.95.120.x/32;2020-07-29 13:23:37;2020-07-29 13:37:14
9541 (CYBERNET-AP);pak (Pakistan);175.107.200.x/24;2020-07-14 05:33:36;2020-07-26 14:29:50
270656;ury (Uruguay);190.11.220.x/32;2020-07-12 14:57:26;2020-07-22 22:11:14
53181;bra (Brazil);2804:113c:8cxx::/64;2020-05-11 20:17:15;2020-07-20 23:58:49
60501 (SIRIUSTEC-IT);ita (Italy);185.30.66.x/32;2020-05-15 10:14:33;2020-07-19 17:16:37
208046 (HostSlick-Germany);nld (Netherlands);193.142.146.x/32;2020-05-13 20:32:52;2020-07-18 14:01:20
7859 (PAIR-NETWORKS);usa (United States);2607:f441:xx::/64;2020-04-03 14:49:43;2020-07-18 07:34:30
7859 (PAIR-NETWORKS);usa (United States);216.146.195.x/32;2020-04-03 14:49:43;2020-07-18 07:34:30
262627;bra (Brazil);2804:51f0:80xx::/64;2020-07-15 13:22:46;2020-07-15 18:00:27
3549 (LVLT-3549);usa (United States);216.85.145.x/32;2017-04-17 19:40:48;2020-07-15 14:40:05
265824;arg (Argentina);45.70.117.x/32;2019-09-11 00:55:43;2020-07-13 12:04:39
55836 (RELIANCEJIO-IN);ind (India);137.97.138.x/32;2020-05-10 09:44:59;2020-07-13 03:18:05
48438 (CORBINA-AS);ukr (Ukraine);91.210.251.x/24;2019-10-13 21:03:39;2020-07-11 18:50:23
7859 (PAIR-NETWORKS);usa (United States);2607:f440:xx::/64;2020-04-03 14:26:41;2020-07-11 06:08:59
24560 (AIRTELBROADBAND-AS-AP);ind (India);122.174.88.x/32;2020-07-10 05:08:46;2020-07-11 03:20:01
174 (COGENT-174);can (Canada);104.218.61.x/24;2020-06-01 00:32:27;2020-07-10 21:18:47
264479;bra (Brazil);131.255.120.x/32;2020-07-05 13:55:02;2020-07-05 14:00:36
265425;bra (Brazil);168.195.28.x/32;2020-05-05 11:21:20;2020-07-03 13:52:42
264353;bra (Brazil);131.108.118.x/32;2020-06-04 15:14:21;2020-07-02 19:58:02
213151;gbr (United Kingdom);45.133.178.x/32;2020-07-02 16:24:45;2020-07-02 19:39:44
328578 (KEMNET-TECHNOLOGIES-AS);ken (Kenya);102.68.141.x/24;2020-06-30 18:58:26;2020-06-30 19:12:10
4764 (WIDEBAND-AS-AP);aus (Australia);2403:5800:75xx::/64;2020-06-25 07:44:31;2020-06-30 05:48:58
9009 (M247);deu (Germany);45.11.180.x/24;2020-06-27 21:44:50;2020-06-29 21:45:38
23473 (PAVLOVMEDIA);usa (United States);66.248.244.x/32;2020-06-22 18:39:21;2020-06-29 19:46:04
37002 (Reunicable);reu (Reunion [French]);102.35.109.x/32;2020-06-27 17:21:00;2020-06-27 19:53:37
262698;bra (Brazil);187.102.36.x/32;2019-06-10 15:05:51;2020-06-27 15:13:21
264281;bra (Brazil);138.121.52.x/32;2019-04-03 13:22:18;2020-06-23 17:30:15
53181;bra (Brazil);2804:113c:xx::/64;2019-06-24 16:28:27;2020-06-22 21:27:32
8280 (SYNAPSECOM-AS);grc (Greece);78.108.43.x/32;2020-06-15 08:26:32;2020-06-15 08:58:16
266098;bra (Brazil);45.5.139.x/32;2020-05-28 22:42:54;2020-06-13 17:00:13
10745 (ARIN-ASH-CHA);usa (United States);2001:500:1xx::/64;2019-05-06 13:46:14;2020-06-12 15:36:20
25198 (NETACTION);rou (Romania);89.34.27.x/24;2020-06-11 00:25:31;2020-06-11 01:24:46
55836 (RELIANCEJIO-IN);ind (India);157.50.253.x/32;2019-08-01 15:15:37;2020-06-09 17:27:16
53054;bra (Brazil);187.73.218.x/32;2020-06-05 18:24:53;2020-06-05 18:42:40
265919;bra (Brazil);131.196.198.x/32;2019-08-08 03:26:41;2020-06-04 20:16:30
42708 (PORTLANE);swe (Sweden);194.76.224.x/32;2020-06-02 06:05:48;2020-06-03 21:46:26
6939 (HURRICANE);irn (Iran);2001:470:1fxx::/64;2020-06-02 21:19:38;2020-06-03 10:44:33
28352;bra (Brazil);189.51.193.x/32;2020-06-01 21:40:42;2020-06-01 21:58:44
9009 (M247);rou (Romania);185.158.248.x/32;2020-05-22 18:09:51;2020-05-28 22:33:23
264293;bra (Brazil);138.121.120.x/32;2020-04-06 17:49:05;2020-05-28 19:06:46
265033;bra (Brazil);170.150.124.x/32;2020-05-21 00:20:13;2020-05-27 22:28:03
263541;bra (Brazil);191.241.23.x/32;2020-01-24 16:18:39;2020-05-26 16:55:31
18881;bra (Brazil);179.184.240.x/32;2020-03-08 04:11:53;2020-05-25 16:44:54
59715 (SBTAP-AS);ita (Italy);2a02:cdc5:97xx::/64;2020-04-29 09:36:04;2020-05-22 07:17:18
14860 (AS-SMARTCOM);usa (United States);2604:5680:20xx::/64;2020-05-18 12:58:59;2020-05-18 13:03:37
269517;bra (Brazil);45.188.73.x/32;2020-04-19 10:52:48;2020-05-18 02:28:37
14860 (AS-SMARTCOM);usa (United States);64.88.204.x/24;2020-05-17 14:48:35;2020-05-17 16:44:37
267091;bra (Brazil);45.229.22.x/32;2020-05-13 18:20:57;2020-05-13 18:50:21
12540 (IDECNET-AS);esp (Spain);212.64.161.x/32;2020-05-12 13:11:15;2020-05-13 08:01:53
262323;bra (Brazil);177.107.96.x/32;2019-08-01 03:14:42;2020-05-11 13:01:55
265226;bra (Brazil);167.250.202.x/32;2019-12-29 16:50:26;2020-05-09 13:54:57
266934;bra (Brazil);45.225.116.x/32;2020-04-17 02:20:16;2020-05-08 05:40:50
262328;bra (Brazil);177.124.176.x/32;2020-05-07 14:09:56;2020-05-07 20:48:10
262328;bra (Brazil);2804:5578:80xx::/64;2020-05-07 14:09:56;2020-05-07 17:59:08
9070 (Cooolbox);bgr (Bulgaria);78.130.160.x/32;2020-05-01 17:00:05;2020-05-07 14:43:53
53181;bra (Brazil);191.241.67.x/32;2019-06-28 12:15:47;2020-05-07 10:58:49
132148 (HTI-AS-AP);mmr (Myanmar);103.81.115.x/32;2020-03-04 09:48:32;2020-05-07 05:50:30
28126;bra (Brazil);187.19.196.x/32;2020-04-22 15:56:57;2020-05-07 02:16:40
9318 (SKB-AS);kor (South Korea);58.225.59.x/32;2018-11-28 03:06:51;2020-05-04 12:41:54
207590;ita (Italy);94.154.1.x/24;2020-03-14 20:40:28;2020-05-01 20:34:19
265466;bra (Brazil);168.196.178.x/24;2019-09-25 13:14:06;2020-04-30 12:52:43
265466;bra (Brazil);2804:3494:40xx::/64;2019-09-30 20:52:10;2020-04-29 15:46:48
201094 (gmhost);ukr (Ukraine);185.86.79.x/24;2017-04-28 17:20:46;2020-04-29 03:01:10
266979;bra (Brazil);45.226.200.x/32;2020-04-18 04:55:53;2020-04-29 02:16:33
268638;bra (Brazil);2804:5444:1xx::/64;2020-02-13 23:50:16;2020-04-29 00:27:29
61678;bra (Brazil);131.108.166.x/32;2020-03-19 16:28:48;2020-04-28 13:58:53
264201;bra (Brazil);138.97.208.x/32;2020-04-16 20:08:14;2020-04-28 03:27:34
20590 (DEC-AS);ukr (Ukraine);109.254.56.x/32;2020-04-26 22:48:10;2020-04-27 10:38:24
26615;bra (Brazil);179.54.209.x/32;2020-04-21 17:10:22;2020-04-25 18:36:12
263461;bra (Brazil);177.190.148.x/32;2020-04-17 19:33:38;2020-04-25 03:26:40
174 (COGENT-174);usa (United States);38.88.250.x/32;2020-04-24 01:14:49;2020-04-24 20:41:44
328391 (Rocking-Connect);mus (Mauritius);102.130.239.x/32;2020-04-21 12:10:48;2020-04-24 16:48:23
56911 (ASN-WARIAN);ita (Italy);176.58.82.x/32;2020-04-21 22:46:34;2020-04-22 23:08:04
56911 (ASN-WARIAN);irl (Ireland);185.159.51.x/32;2020-04-21 22:44:20;2020-04-22 20:45:06
24739 (SEVEREN-TELECOM);rus (Russian Federation);185.124.190.x/32;2017-05-10 11:13:27;2020-04-21 17:25:54
51395 (AS-SOFTPLUS);che (Switzerland);185.189.149.x/32;2020-04-16 09:01:27;2020-04-20 08:20:47
44684 (MYTHIC);gbr (United Kingdom);2a00:1098:xx::/64;2018-02-25 07:09:48;2020-04-19 06:34:05
44684 (MYTHIC);gbr (United Kingdom);46.235.226.x/32;2018-02-25 07:09:48;2020-04-19 06:34:05
264300;bra (Brazil);2804:25c0:2xx::/64;2020-04-01 19:31:56;2020-04-18 05:20:36
270391;bra (Brazil);2804:6b4c:8fxx::/64;2020-04-16 21:24:59;2020-04-16 21:29:38
198721 (progetto8);ita (Italy);91.238.116.x/24;2019-10-21 14:50:04;2020-04-16 00:08:25
266448;bra (Brazil);2804:37fc:f0xx::/64;2020-04-14 19:51:03;2020-04-14 20:55:01
270391;bra (Brazil);190.89.192.x/32;2020-04-12 23:37:32;2020-04-14 19:07:28
205388 (serverdiscounter);deu (Germany);185.216.214.x/24;2019-07-18 23:26:05;2020-04-14 18:47:49
265347;bra (Brazil);168.181.255.x/32;2020-01-15 11:37:12;2020-04-13 13:32:51
28329;bra (Brazil);179.96.6.x/32;2018-12-03 18:19:02;2020-04-08 15:26:53
28329;bra (Brazil);2804:39c:10xx::/64;2018-12-03 18:19:02;2020-04-08 15:26:53
21709 (IMPLEX-NET);usa (United States);69.54.33.x/24;2019-09-24 03:12:17;2020-04-07 19:16:37
205388 (serverdiscounter);deu (Germany);185.216.212.x/24;2019-07-23 13:02:44;2020-04-03 18:55:29
269259;ury (Uruguay);45.181.229.x/32;2020-02-28 12:08:04;2020-04-02 13:28:04
42397 (BUNEA-HIGH-VOLUME-NETWORK);rou (Romania);185.232.65.x/24;2018-01-06 20:15:23;2020-04-01 22:11:03
264374;bra (Brazil);131.161.112.x/24;2019-12-23 17:07:49;2020-03-31 10:34:18
60501 (SIRIUSTEC-IT);ita (Italy);2a00:ae20:daxx::/64;2020-03-31 08:32:17;2020-03-31 09:12:58
60501 (SIRIUSTEC-IT);ita (Italy);185.30.65.x/32;2020-03-31 08:32:17;2020-03-31 09:00:07
18881;bra (Brazil);191.251.24.x/32;2020-03-30 18:19:39;2020-03-30 19:17:59
262612;bra (Brazil);2804:6e4:15xx::/64;2020-01-13 10:57:23;2020-03-28 22:22:12
11525 (HRTC);usa (United States);2606:5d00:30xx::/64;2020-03-26 14:45:07;2020-03-26 21:02:30
11525 (HRTC);usa (United States);2606:5d00:28xx::/64;2020-03-26 15:18:20;2020-03-26 20:08:47
11427 (TWC-11427-TEXAS);usa (United States);2605:6001:f1xx::/64;2019-06-13 18:55:08;2020-03-26 04:07:03
266312;bra (Brazil);2804:35e0:xx::/64;2020-03-24 15:45:31;2020-03-25 13:13:22
266312;bra (Brazil);170.238.56.x/32;2020-03-24 15:45:31;2020-03-25 13:08:40
264941;bra (Brazil);168.232.132.x/32;2020-03-21 18:52:04;2020-03-25 11:40:22
28573;bra (Brazil);201.75.72.x/24;2019-12-22 16:47:03;2020-03-24 01:04:16
61512;pry (Paraguay);143.255.142.x/32;2020-03-16 11:46:09;2020-03-23 12:52:40
61951;bra (Brazil);2804:18c0:10xx::/64;2020-03-09 19:20:17;2020-03-16 20:27:25
38067 (RADIANT);bgd (Bangladesh);103.29.127.x/32;2020-03-03 16:57:15;2020-03-16 07:43:02
47251 (VLBGIT-AS);aut (Austria);44.190.2.x/24;2019-08-07 09:29:50;2020-03-12 11:22:10
48362 (TKSWF-AS);aut (Austria);94.199.173.x/32;2020-01-21 14:12:18;2020-03-12 10:06:35
53054;bra (Brazil);187.73.217.x/32;2020-03-11 20:32:35;2020-03-11 20:35:37
28169;bra (Brazil);2804:30:xx::/64;2019-09-26 17:03:43;2020-03-10 20:42:18
28169;bra (Brazil);187.63.160.x/24;2020-03-09 11:04:24;2020-03-10 19:11:45
61951;bra (Brazil);201.219.248.x/24;2020-03-09 19:20:17;2020-03-09 19:39:41
37100 (SEACOM-AS);ken (Kenya);105.27.224.x/32;2018-05-04 15:19:07;2020-03-09 08:46:06
52694;bra (Brazil);2804:c58:10xx::/64;2020-03-07 01:16:20;2020-03-07 14:10:04
263276;bra (Brazil);168.90.224.x/32;2020-02-28 16:56:21;2020-03-06 19:55:36
32329 (MONKEYBRAINS);usa (United States);162.245.20.x/32;2020-03-04 06:33:25;2020-03-04 06:47:47
11827 (WSU-AS);usa (United States);69.166.46.x/32;2019-07-25 20:46:36;2020-03-03 23:24:39
53054;bra (Brazil);187.73.216.x/32;2020-03-03 19:11:38;2020-03-03 19:13:54
53054;bra (Brazil);187.73.204.x/32;2020-03-03 18:54:48;2020-03-03 19:02:45
6128 (CABLE-NET-1);usa (United States);24.188.221.x/32;2020-03-02 05:37:37;2020-03-02 05:52:39
701 (UUNET);usa (United States);65.215.58.x/32;2020-02-29 17:03:31;2020-02-29 17:15:51
174 (COGENT-174);usa (United States);38.77.21.x/32;2019-10-28 12:55:40;2020-02-27 15:53:15
22122;mex (Mexico);148.209.73.x/32;2019-09-10 14:30:35;2020-02-26 14:32:30
204818 (HOSTEUR-NET-CORE-TDF);fra (France);2a0d:5380:xx::/64;2019-11-14 16:44:20;2020-02-25 10:26:11
42337 (RESPINA-AS);irn (Iran);5.160.48.x/32;2020-01-28 20:12:49;2020-02-24 23:14:04
267654;bra (Brazil);45.70.156.x/32;2020-02-24 09:33:55;2020-02-24 09:58:48
17766 (GCOMM-AS-AP);aus (Australia);2001:db0:2xx::/64;2020-02-10 04:44:23;2020-02-24 01:08:07
17766 (GCOMM-AS-AP);aus (Australia);203.149.69.x/32;2019-12-12 00:33:57;2020-02-24 01:08:07
18881;bra (Brazil);191.30.192.x/32;2020-02-20 18:17:58;2020-02-20 19:13:32
53217;bra (Brazil);186.237.224.x/24;2019-07-08 17:26:04;2020-02-20 04:55:15
53217;bra (Brazil);2804:274:xx::/64;2019-07-08 17:31:40;2020-02-20 04:55:15
19624 (SERVERROOM);usa (United States);38.96.148.x/24;2019-08-17 08:42:09;2020-02-20 02:58:56
34244 (TELESERVICE);swe (Sweden);85.30.130.x/24;2016-08-22 07:20:05;2020-02-19 16:14:45
34244 (TELESERVICE);swe (Sweden);2a02:80:80xx::/64;2020-02-19 15:53:11;2020-02-19 16:08:41
19624 (SERVERROOM);usa (United States);162.244.80.x/24;2017-06-02 16:44:57;2020-02-19 14:30:52
28634;bra (Brazil);2804:128:xx::/64;2018-11-28 13:55:34;2020-02-18 12:35:57
137399 (KERNWIFIPTYLTD-AS-AP);aus (Australia);103.107.130.x/32;2018-11-23 02:40:36;2020-02-17 01:23:11
266858;pry (Paraguay);45.239.46.x/32;2020-01-28 12:48:12;2020-02-14 15:50:02
18881;bra (Brazil);191.34.164.x/32;2019-12-03 14:12:50;2020-02-14 11:37:46
204818 (HOSTEUR-NET-CORE-TDF);fra (France);46.182.5.x/32;2019-09-20 18:47:09;2020-02-13 09:27:10
262612;bra (Brazil);177.85.192.x/32;2018-11-26 16:40:17;2020-02-10 11:30:54
135132 (DNI-PH);aus (Australia);2402:cb40:aaxx::/64;2020-02-10 02:37:02;2020-02-10 03:04:04
135132 (DNI-PH);aus (Australia);27.111.84.x/32;2020-02-10 02:37:02;2020-02-10 03:04:04
267961;bra (Brazil);45.165.161.x/32;2019-03-05 05:38:24;2020-02-10 01:48:22
263047;bra (Brazil);191.243.146.x/32;2020-02-09 22:04:11;2020-02-09 22:43:52
268638;bra (Brazil);45.164.227.x/32;2020-02-06 16:39:22;2020-02-07 23:27:02
52468;pry (Paraguay);170.83.243.x/32;2020-02-07 19:39:18;2020-02-07 23:02:05
262756;bra (Brazil);186.224.33.x/32;2019-04-10 12:56:02;2020-02-06 18:13:32
16973;cri (Costa Rica);190.4.88.x/32;2020-01-29 21:59:43;2020-02-04 19:00:00
269497;ury (Uruguay);45.187.204.x/32;2020-02-04 13:59:17;2020-02-04 14:25:30
265226;bra (Brazil);167.250.203.x/32;2020-02-03 13:03:42;2020-02-04 13:02:47
18881;bra (Brazil);177.99.222.x/32;2020-02-03 18:10:45;2020-02-03 18:11:19
264974;bra (Brazil);170.0.55.x/32;2020-01-21 11:49:26;2020-02-03 12:15:03
61135 (COMNET-ASN);tur (Turkey);185.17.115.x/24;2019-10-30 08:35:39;2020-02-01 17:01:13
263367;bra (Brazil);191.37.140.x/24;2019-07-25 11:09:02;2020-02-01 11:49:23
18881;bra (Brazil);189.26.112.x/32;2020-01-31 16:07:45;2020-01-31 18:04:37
136255 (TIMCL-AS-AP);mmr (Myanmar);65.18.115.x/32;2020-01-30 05:15:05;2020-01-30 09:43:24
132148 (HTI-AS-AP);mmr (Myanmar);103.81.114.x/32;2019-10-21 04:26:40;2020-01-24 07:44:10
28299;bra (Brazil);189.38.85.x/32;2020-01-16 03:12:01;2020-01-21 18:14:42
41327 (FIBERTELECOM-AS);ita (Italy);93.94.89.x/32;2020-01-21 13:15:17;2020-01-21 15:14:31
766 (RedIRIS);esp (Spain);2001:720:4xx::/64;2018-08-17 10:59:28;2020-01-21 09:15:13
701 (UUNET);usa (United States);65.207.165.x/32;2019-10-06 19:36:46;2020-01-15 21:32:21
701 (UUNET);usa (United States);65.199.232.x/32;2019-03-09 00:36:53;2020-01-15 21:23:11
266388;bra (Brazil);2804:3714:40xx::/64;2019-12-19 10:26:32;2020-01-13 03:22:22
263653;bra (Brazil);177.74.251.x/32;2020-01-03 14:14:40;2020-01-11 19:45:56
47787 (HASHPOWER);prt (Portugal);185.166.144.x/24;2019-10-28 14:14:14;2020-01-11 13:18:42
267061;bra (Brazil);45.228.120.x/24;2019-09-10 20:13:08;2020-01-11 07:43:27
27759;hti (Haiti);200.2.133.x/24;2016-10-24 16:46:17;2020-01-10 16:26:22
266388;bra (Brazil);2804:3714:xx::/64;2019-01-11 11:56:54;2020-01-10 12:04:55
34347 (CITYNET-AT-AS);aut (Austria);195.149.220.x/32;2020-01-09 10:11:30;2020-01-09 10:50:18
36915 (AFOL-KE-AS);ken (Kenya);41.207.64.x/24;2018-11-13 06:16:05;2020-01-07 11:25:02
11432;bra (Brazil);200.170.216.x/32;2020-01-06 19:52:50;2020-01-07 00:44:34
48437 (MEREZHA-UA-AS);ukr (Ukraine);178.54.171.x/32;2019-11-26 14:37:18;2020-01-06 19:36:33
264016;bra (Brazil);177.101.55.x/32;2018-12-21 23:45:46;2020-01-06 04:37:17
265466;bra (Brazil);168.196.179.x/32;2019-09-24 00:51:18;2020-01-04 22:48:28
51559 (NETINTERNET);tur (Turkey);89.252.174.x/24;2019-07-01 10:24:33;2020-01-01 19:07:42
265269;bra (Brazil);168.90.90.x/32;2019-01-18 13:29:47;2020-01-01 00:11:27
52818;bra (Brazil);191.240.197.x/32;2019-12-30 16:00:22;2019-12-30 17:53:23
61583;bra (Brazil);2804:18d8:bexx::/64;2019-12-30 17:19:37;2019-12-30 17:23:33
61583;bra (Brazil);2804:18d8:6xx::/64;2019-12-30 12:16:50;2019-12-30 12:43:06
264345;bra (Brazil);2804:267c:fxx::/64;2019-12-27 19:29:41;2019-12-28 13:14:01
13020 (CCCV-AS);deu (Germany);2001:67c:20xx::/64;2018-12-26 19:03:35;2019-12-26 18:05:17
19624 (SERVERROOM);rou (Romania);31.14.40.x/24;2019-09-16 09:55:05;2019-12-25 11:59:55
19624 (SERVERROOM);usa (United States);162.244.81.x/24;2018-10-29 07:08:39;2019-12-24 03:01:09
263541;bra (Brazil);191.5.164.x/32;2019-09-26 18:51:55;2019-12-20 15:55:37
29278 (DENINET-HU-AS);hun (Hungary);87.229.114.x/32;2019-11-28 09:09:19;2019-12-20 13:39:29
263750;pry (Paraguay);138.99.103.x/24;2019-12-14 18:08:34;2019-12-19 23:13:58
263653;bra (Brazil);177.74.241.x/32;2019-12-18 19:01:23;2019-12-19 18:23:10
136168 (CAMPANA-AS-AP);mmr (Myanmar);103.96.230.x/32;2019-12-09 09:04:00;2019-12-19 03:56:27
265466;bra (Brazil);168.196.176.x/32;2019-10-28 19:34:59;2019-12-17 11:46:09
36866 (JTL);ken (Kenya);41.215.142.x/32;2018-12-14 06:43:49;2019-12-16 09:37:21
264429;bra (Brazil);131.221.134.x/32;2019-12-14 23:03:25;2019-12-15 18:28:54
264429;bra (Brazil);170.245.119.x/32;2019-12-14 23:10:36;2019-12-14 23:14:31
265013;bra (Brazil);170.84.240.x/32;2019-10-31 12:58:51;2019-12-14 13:44:03
32 (STANFORD);usa (United States);2607:f6d0:cxx::/64;2019-08-21 22:40:21;2019-12-11 20:32:02
269053;bra (Brazil);2804:5ebc:3xx::/64;2019-12-11 18:48:42;2019-12-11 18:58:32
269053;ury (Uruguay);45.179.53.x/24;2019-12-09 02:15:29;2019-12-11 18:36:26
29518 (BREDBAND2);swe (Sweden);89.160.81.x/32;2019-05-13 08:28:36;2019-12-11 13:16:43
267061;bra (Brazil);45.228.121.x/24;2019-09-10 19:05:47;2019-12-10 14:51:08
136168 (CAMPANA-AS-AP);mmr (Myanmar);123.253.228.x/32;2019-12-04 09:35:18;2019-12-10 11:33:26
37053 (RSAWEB-AS);zaf (South Africa);41.71.103.x/32;2019-08-14 15:17:21;2019-12-10 08:42:44
8674 (NETNOD-IX);swe (Sweden);2a01:3f0:xx::/64;2016-08-30 07:27:50;2019-12-09 08:51:21
63996 (MNL-AS-AP);bgd (Bangladesh);203.95.221.x/32;2019-11-30 11:54:23;2019-12-05 11:31:51
28224;bra (Brazil);189.126.58.x/32;2019-07-03 22:13:13;2019-12-04 22:07:05
203735 (Net-Tech-Ltd);irq (Iraq);91.192.7.x/32;2019-10-12 23:10:48;2019-12-03 05:55:01
267523;bra (Brazil);201.182.163.x/32;2019-12-02 20:49:43;2019-12-02 20:54:49
1916;bra (Brazil);200.133.192.x/32;2019-11-29 18:34:28;2019-12-02 17:37:26
52568;bra (Brazil);177.86.88.x/32;2019-12-02 14:22:11;2019-12-02 14:25:18
52568;bra (Brazil);177.86.94.x/32;2019-11-22 10:08:04;2019-12-01 14:05:18
202939 (b5dc);gbr (United Kingdom);185.112.249.x/24;2017-04-26 03:28:37;2019-12-01 11:55:30
61084;tur (Turkey);185.171.1.x/24;2019-10-27 11:03:49;2019-11-30 16:22:50
37100 (SEACOM-AS);ken (Kenya);105.27.208.x/32;2019-08-13 07:59:08;2019-11-28 06:28:00
267232;bra (Brazil);45.231.203.x/32;2019-07-18 00:02:29;2019-11-28 00:09:12
267326;bra (Brazil);45.233.184.x/32;2019-07-01 22:32:28;2019-11-27 15:08:59
263124;bra (Brazil);177.92.139.x/32;2019-11-21 10:42:41;2019-11-25 19:34:55
267232;bra (Brazil);45.231.200.x/32;2019-08-22 15:04:38;2019-11-23 12:30:40
49041 (Globalcom-AS);bgr (Bulgaria);185.222.97.x/32;2019-11-13 16:18:36;2019-11-23 08:35:03
268589;bra (Brazil);45.163.14.x/32;2019-11-21 11:06:14;2019-11-21 11:18:05
8047 (GCI);usa (United States);209.165.143.x/32;2019-06-12 22:19:24;2019-11-20 18:11:04
47251 (VLBGIT-AS);aut (Austria);45.138.171.x/24;2019-08-19 10:17:59;2019-11-20 10:24:28
37100 (SEACOM-AS);zaf (South Africa);105.28.96.x/32;2018-11-21 10:01:35;2019-11-19 21:27:36
36866 (JTL);ken (Kenya);197.232.36.x/32;2018-12-03 06:55:43;2019-11-18 06:30:00
396073 (MAJESTIC-HOSTING-01);usa (United States);104.37.175.x/24;2019-10-30 11:09:22;2019-11-17 02:50:41
61888;bra (Brazil);186.235.184.x/32;2019-07-30 18:03:06;2019-11-14 18:00:32
47787 (HASHPOWER);ind (India);2a0d:82c0:xx::/64;2019-10-28 14:14:14;2019-11-13 19:10:41
47787 (HASHPOWER);prt (Portugal);185.162.183.x/24;2019-11-12 23:08:34;2019-11-12 23:14:37
262427;bra (Brazil);177.39.154.x/32;2019-11-12 18:58:39;2019-11-12 19:04:47
266475;bra (Brazil);170.83.172.x/32;2019-11-11 19:58:48;2019-11-11 20:07:42
9541 (CYBERNET-AP);pak (Pakistan);202.163.119.x/24;2018-05-17 10:44:00;2019-11-05 13:39:56
262794;bra (Brazil);201.76.114.x/32;2019-10-09 22:43:07;2019-11-04 14:53:53
24560 (AIRTELBROADBAND-AS-AP);ind (India);122.176.183.x/32;2019-10-31 21:26:47;2019-11-01 06:06:26
12779 (ITGATE);ita (Italy);213.212.191.x/24;2019-08-21 17:16:45;2019-10-31 17:21:05
7018 (ATT-INTERNET4);usa (United States);12.252.7.x/32;2017-08-07 01:16:14;2019-10-31 16:58:09
3356 (LEVEL3);usa (United States);4.14.17.x/32;2017-05-30 10:08:33;2019-10-30 23:38:10
2037 (CSUFRESNO);usa (United States);129.8.3.x/24;2017-04-14 14:21:51;2019-10-30 16:38:52
42004 (ULGRP-AS);gbr (United Kingdom);195.8.192.x/32;2016-12-06 18:56:15;2019-10-29 12:43:24
8047 (GCI);usa (United States);2610:100:ffxx::/64;2019-05-30 23:43:09;2019-10-29 11:13:52
262698;bra (Brazil);2804:18e0:20xx::/64;2019-06-10 15:05:51;2019-10-29 08:34:00
19230 (NANOG);usa (United States);199.187.222.x/24;2013-06-03 13:46:20;2019-10-28 14:52:03
202365 (Chronos);tur (Turkey);185.255.155.x/32;2019-10-27 18:19:40;2019-10-27 18:46:05
328073 (Ion-Telecom-AS);lby (Libya);164.160.144.x/24;2019-10-23 14:32:14;2019-10-27 07:58:10
328073 (Ion-Telecom-AS);lby (Libya);164.160.147.x/24;2019-10-23 15:15:44;2019-10-23 16:11:38
5610 (O2-CZECH-REPUBLIC);cze (Czech Republic);80.188.119.x/24;2019-06-05 14:26:19;2019-10-23 08:10:35
203145 (dreamserver);rou (Romania);188.213.212.x/24;2019-07-15 08:01:45;2019-10-22 18:49:24
9541 (CYBERNET-AP);pak (Pakistan);202.163.96.x/32;2018-05-29 05:52:20;2019-10-21 04:32:59
267544;bra (Brazil);2804:4308:40xx::/64;2019-10-11 11:49:48;2019-10-18 19:52:11
9541 (CYBERNET-AP);pak (Pakistan);124.29.242.x/32;2018-11-28 12:58:49;2019-10-15 12:43:55
16787 (CHARTER-16787-DC);usa (United States);71.85.81.x/32;2019-06-17 19:37:00;2019-10-14 21:27:00
10429;bra (Brazil);177.98.143.x/32;2019-10-13 15:40:28;2019-10-13 17:45:06
63526 (SSDTL-BD);bgd (Bangladesh);103.239.253.x/32;2019-08-23 08:13:16;2019-10-12 15:24:44
267061;bra (Brazil);2804:478c:a0xx::/64;2019-10-11 08:44:30;2019-10-12 06:01:24
266261;bra (Brazil);192.140.97.x/32;2019-08-19 20:21:25;2019-10-11 20:32:15
28145;bra (Brazil);187.49.128.x/32;2018-11-30 12:36:56;2019-10-11 19:43:21
18451 (LESNET);can (Canada);208.81.4.x/24;2019-10-02 14:58:52;2019-10-10 21:41:58
203145 (dreamserver);rou (Romania);92.114.32.x/32;2019-10-05 18:51:53;2019-10-05 19:06:48
28126;bra (Brazil);177.37.206.x/32;2019-09-11 02:06:33;2019-10-03 00:01:34
28126;bra (Brazil);2804:29b8:50xx::/64;2019-08-24 18:08:47;2019-10-03 00:01:34
267562;bra (Brazil);45.70.127.x/32;2019-06-15 19:03:28;2019-09-30 16:43:25
41495 (FAELIX-AS);gbr (United Kingdom);46.227.200.x/24;2018-03-12 10:22:36;2019-09-29 18:02:15
263073;bra (Brazil);191.6.49.x/32;2019-08-10 19:29:33;2019-09-29 04:24:05
35710 (WEBERCLOUD);deu (Germany);91.132.201.x/32;2019-09-28 12:00:28;2019-09-28 12:06:01
1403 (EBOX);usa (United States);2606:6d00:xx::/64;2019-09-27 19:53:58;2019-09-27 20:04:14
1403 (EBOX);usa (United States);67.221.48.x/32;2019-09-27 19:53:58;2019-09-27 20:04:14
2828 (XO-AS15);usa (United States);207.87.181.x/32;2016-11-08 00:01:15;2019-09-26 16:43:48
7303;arg (Argentina);186.125.157.x/32;2019-08-14 12:43:53;2019-09-24 23:42:24
45430 (SBN-AWN-IIG-AS-AP);tha (Thailand);49.231.119.x/32;2019-09-24 17:26:03;2019-09-24 18:05:49
22402 (NEXTCO-AS);usa (United States);72.21.225.x/32;2017-06-19 04:04:33;2019-09-23 23:40:22
55850 (TRUSTPOWERLTD-AS-AP);nzl (New Zealand);116.251.187.x/32;2019-09-03 09:26:30;2019-09-18 23:41:50
30983 (MARWAN-AS);mar (Morocco);2001:4310:xx::/64;2018-09-06 15:35:09;2019-09-18 21:38:02
225 (VIRGINIA-AS);usa (United States);199.111.221.x/32;2019-07-03 19:54:42;2019-09-18 21:21:43
28005;pan (Panama);168.121.131.x/24;2019-09-05 19:59:20;2019-09-18 14:09:40
47251 (VLBGIT-AS);aut (Austria);2001:678:2xx::/64;2019-07-17 05:43:41;2019-09-18 08:18:18
28126;bra (Brazil);187.19.164.x/32;2019-09-10 11:01:37;2019-09-17 17:00:32
3807 (UMTNET-ASN);usa (United States);192.73.48.x/32;2019-09-11 17:55:33;2019-09-16 12:55:28
13427 (SOFTCOM-INTERNET-COMMUNICATIONS);usa (United States);173.243.64.x/32;2016-11-14 05:49:46;2019-09-12 20:46:20
263567;bra (Brazil);2804:f24:9axx::/64;2019-09-12 12:39:33;2019-09-12 12:54:56
4270;arg (Argentina);170.210.3.x/24;2018-10-09 20:30:02;2019-09-09 18:02:21
265663;arg (Argentina);181.14.239.x/32;2019-07-12 04:41:28;2019-09-07 03:42:08
27839;bol (Bolivia);200.58.73.x/24;2019-01-28 20:16:13;2019-09-06 19:43:10
264750;dom (Dominican Republic);143.137.83.x/24;2019-05-23 18:13:54;2019-09-05 13:12:34
264066;bra (Brazil);138.186.56.x/32;2019-03-18 19:15:28;2019-09-04 13:17:18
266289;bra (Brazil);2804:357c:1xx::/64;2019-09-03 22:35:37;2019-09-03 22:42:50
60355 (KVSolutionsNL);nld (Netherlands);185.244.25.x/24;2018-06-21 06:26:20;2019-08-28 19:18:54
53049;bra (Brazil);2804:18c4:40xx::/64;2019-08-27 19:43:25;2019-08-27 19:46:52
264513;bra (Brazil);132.255.199.x/24;2019-08-27 13:02:55;2019-08-27 15:52:28
267942;bra (Brazil);45.166.6.x/32;2019-05-09 12:10:00;2019-08-22 19:52:02
49349 (DOTSI);prt (Portugal);188.93.234.x/24;2016-01-16 03:19:45;2019-08-20 14:46:07
262790;bra (Brazil);2804:210:xx::/64;2019-04-08 17:05:47;2019-08-13 17:40:18
51659 (ASBAXET);rus (Russian Federation);176.32.34.x/32;2019-07-29 14:24:30;2019-08-11 05:27:23
51659 (ASBAXET);rus (Russian Federation);176.32.32.x/32;2019-07-17 07:27:44;2019-08-11 05:27:22
6939 (HURRICANE);usa (United States);184.105.109.x/24;2019-05-07 10:18:40;2019-08-10 14:51:48
21320 (GEANT_IAS_VRF);gbr (United Kingdom);62.40.119.x/24;2019-06-06 08:26:01;2019-08-08 20:39:31
131207 (SINET-KH);khm (Cambodia, Kingdom of);136.228.129.x/32;2019-07-31 01:32:59;2019-08-07 04:25:48
55391 (MF-NATIVE6-E);jpn (Japan);2409:11:91xx::/64;2018-03-18 04:27:25;2019-08-06 14:18:00
9607 (BBTower);jpn (Japan);211.14.2.x/32;2019-05-20 10:45:43;2019-07-30 04:45:54
28299;bra (Brazil);2804:10:40xx::/64;2019-07-24 18:20:29;2019-07-24 18:48:45
28299;bra (Brazil);191.6.192.x/32;2019-07-24 18:20:29;2019-07-24 18:48:45
2828 (XO-AS15);usa (United States);67.108.126.x/32;2016-10-25 11:31:28;2019-07-23 00:13:54
56554 (IETF-MEETING);che (Switzerland);2001:67c:12xx::/64;2017-07-10 09:31:37;2019-07-20 14:04:31
56595 (FLUENCY);gbr (United Kingdom);185.7.230.x/32;2019-07-17 07:33:36;2019-07-19 06:40:33
53049;bra (Brazil);200.142.185.x/24;2019-05-05 11:26:59;2019-07-18 18:37:39
28634;bra (Brazil);2804:128:40xx::/64;2019-07-16 06:08:32;2019-07-17 00:12:16
2828 (XO-AS15);usa (United States);206.173.106.x/32;2016-12-31 17:25:39;2019-07-12 02:26:51
53049;bra (Brazil);200.142.186.x/32;2019-07-11 16:54:24;2019-07-11 16:58:03
202365 (Chronos);tur (Turkey);185.122.39.x/32;2019-07-10 18:58:38;2019-07-10 19:33:37
48292 (intibu);tur (Turkey);213.238.165.x/24;2019-06-26 04:33:21;2019-07-10 19:26:39
53049;bra (Brazil);200.142.184.x/32;2019-05-29 00:15:59;2019-07-10 18:26:54
28634;bra (Brazil);201.62.80.x/32;2019-07-05 19:12:09;2019-07-10 17:59:48
262988;bra (Brazil);2804:1058:c0xx::/64;2019-07-10 14:14:55;2019-07-10 14:24:33
44375 (AISDP);irn (Iran);93.126.60.x/24;2019-05-23 11:02:50;2019-07-10 06:20:49
60432 (ASN-forisp);ita (Italy);185.26.198.x/32;2019-03-06 15:55:05;2019-07-09 10:10:33
28263;bra (Brazil);2804:4f8:xx::/64;2016-08-31 18:36:51;2019-07-08 22:54:07
58424 (XINWEITELECOM-KH);khm (Cambodia, Kingdom of);146.88.204.x/32;2019-06-01 13:08:52;2019-07-07 06:48:25
267573;bra (Brazil);45.70.20.x/32;2019-06-27 01:58:06;2019-07-04 22:20:04
9988 (MPT-AP);mmr (Myanmar);136.228.171.x/32;2019-06-27 03:49:54;2019-07-04 02:57:19
262493;bra (Brazil);177.55.60.x/32;2019-07-01 15:27:04;2019-07-02 16:24:38
262493;bra (Brazil);177.55.63.x/32;2019-07-01 19:16:31;2019-07-02 14:04:14
52851;bra (Brazil);143.202.212.x/32;2019-06-25 00:46:02;2019-07-02 00:57:23
41466 (Bestwesthost-AS);fin (Finland);185.214.167.x/24;2018-08-20 19:15:44;2019-07-01 15:02:15
263468;bra (Brazil);177.73.60.x/32;2019-06-29 01:57:30;2019-06-30 02:05:25
36915 (AFOL-KE-AS);ken (Kenya);41.207.81.x/32;2019-01-25 09:01:36;2019-06-27 12:11:42
48362 (TKSWF-AS);aut (Austria);94.199.174.x/32;2019-06-24 08:28:53;2019-06-24 09:53:25
267942;bra (Brazil);45.166.4.x/32;2019-06-23 13:12:21;2019-06-23 15:22:50
37095;mus (Mauritius);196.200.213.x/24;2017-05-24 13:13:16;2019-06-20 09:44:03
262657;bra (Brazil);2804:1818:2xx::/64;2019-06-19 19:31:41;2019-06-19 19:35:06
263616;bra (Brazil);2804:100c:xx::/64;2019-03-19 19:24:07;2019-06-19 17:46:26
268352;bra (Brazil);2804:4fd4:80xx::/64;2019-06-19 12:29:01;2019-06-19 12:44:02
28634;bra (Brazil);201.62.64.x/24;2018-11-28 13:55:34;2019-06-18 15:42:26
62282 (RACKRAY);ltu (Lithuania);2a02:7b40:d4xx::/64;2019-06-12 07:17:11;2019-06-12 11:33:18
266437;bra (Brazil);2804:37d0:70xx::/64;2019-06-07 20:09:11;2019-06-11 18:30:31
263442;bra (Brazil);177.91.159.x/32;2019-06-03 19:36:04;2019-06-10 20:56:07
19230 (NANOG);usa (United States);199.187.218.x/24;2017-06-05 22:43:58;2019-06-10 13:32:58
37095;mus (Mauritius);2001:43f8:2xx::/64;2017-05-22 05:39:01;2019-06-10 11:49:31
19230 (NANOG);usa (United States);199.187.221.x/24;2016-06-13 21:10:20;2019-06-09 19:28:48
19230 (NANOG);usa (United States);2620:0:cxx::/64;2017-02-04 15:49:42;2019-06-08 22:56:45
19230 (NANOG);usa (United States);199.187.217.x/24;2017-06-05 21:22:11;2019-06-08 22:49:51
7849 (CROCKERCOM);usa (United States);161.77.224.x/24;2019-05-15 21:25:58;2019-06-06 14:55:47
3462 (HINET);twn (Taiwan);2001:b030:2xx::/64;2018-08-01 06:31:52;2019-06-06 04:00:29
10965 (MRNET);can (Canada);192.245.51.x/24;2019-02-11 20:18:34;2019-05-30 21:02:47
31334 (KABELDEUTSCHLAND-AS);deu (Germany);2a02:8108:48xx::/64;2019-05-24 11:42:58;2019-05-30 10:45:32
209903 (LOFT-LLC-AS);rus (Russian Federation);185.253.157.x/24;2019-04-17 12:05:18;2019-05-25 16:01:56
16960;mex (Mexico);200.56.193.x/32;2019-05-24 16:06:08;2019-05-24 19:50:06
264750;dom (Dominican Republic);143.137.81.x/32;2019-05-23 19:10:49;2019-05-23 19:58:32
22773 (ASN-CXA-ALL-CCI-22773-RDC);usa (United States);68.107.242.x/32;2018-08-04 18:36:37;2019-05-20 17:17:38
50837 (CLOUDSIGMA-AS);che (Switzerland);31.171.246.x/32;2018-10-19 12:33:36;2019-05-13 21:37:21
29278 (DENINET-HU-AS);hun (Hungary);87.229.115.x/24;2019-04-21 05:53:33;2019-05-12 11:20:16
202590 (HACKLAB);gbr (United Kingdom);2a04:5d00:xx::/64;2018-07-09 14:58:39;2019-05-08 21:17:20
58329 (RACKPLACE);nld (Netherlands);31.214.157.x/24;2019-04-18 17:23:41;2019-05-07 20:01:20
7922 (COMCAST-7922);usa (United States);50.228.90.x/32;2019-04-09 22:25:26;2019-05-07 17:35:34
263616;bra (Brazil);177.155.112.x/24;2018-11-29 14:46:53;2019-05-07 17:11:32
18881;bra (Brazil);201.22.11.x/32;2019-05-07 00:07:53;2019-05-07 00:19:25
268589;bra (Brazil);45.163.12.x/32;2019-04-15 18:15:17;2019-05-06 21:35:29
28002;ury (Uruguay);200.0.87.x/24;2019-05-03 17:04:04;2019-05-04 15:12:18
263124;bra (Brazil);2804:171c:xx::/64;2019-04-29 09:55:55;2019-04-29 10:31:25
263124;bra (Brazil);177.92.140.x/32;2019-04-29 09:55:55;2019-04-29 10:03:35
33523 (ROWANUNIVERSITY);usa (United States);150.250.5.x/32;2018-10-08 22:05:26;2019-04-24 22:15:43
2515 (JPNIC);jpn (Japan);2001:fa0:a0xx::/64;2018-12-20 04:18:50;2019-04-16 09:50:01
2515 (JPNIC);jpn (Japan);2001:dc2:10xx::/64;2019-03-07 03:05:17;2019-04-16 09:20:08
268589;bra (Brazil);2804:5384:xx::/64;2019-04-15 19:58:05;2019-04-15 20:43:25
264310;bra (Brazil);138.122.32.x/32;2019-03-22 22:07:38;2019-04-12 09:35:47
52604;bra (Brazil);177.124.120.x/32;2018-09-10 13:38:37;2019-04-11 20:49:22
2828 (XO-AS15);usa (United States);209.116.154.x/32;2016-11-11 02:54:09;2019-04-10 22:05:32
52913;bra (Brazil);177.23.168.x/24;2019-04-09 16:50:05;2019-04-09 21:52:47
52913;bra (Brazil);2804:1088:xx::/64;2019-04-09 21:48:13;2019-04-09 21:52:47
53597 (HOYOS-CONSULTING-LLC);usa (United States);162.248.232.x/32;2019-04-09 16:58:10;2019-04-09 17:15:47
53597 (HOYOS-CONSULTING-LLC);usa (United States);2605:9180:xx::/64;2019-04-09 16:58:10;2019-04-09 17:07:12
2497 (IIJ);jpn (Japan);202.214.65.x/32;2019-02-11 23:06:58;2019-04-09 08:24:56
262995;bra (Brazil);186.219.176.x/32;2019-04-05 12:36:36;2019-04-06 12:29:44
266136;bra (Brazil);2804:3b38:3bxx::/64;2019-04-04 15:11:17;2019-04-05 14:27:53
267014;bra (Brazil);45.227.124.x/32;2019-01-24 00:45:34;2019-04-03 18:21:14
204655 (NOVOGARA-AS);gbr (United Kingdom);87.236.212.x/24;2018-05-26 12:17:18;2019-04-02 13:13:03
6830 (LGI-UPC);nld (Netherlands);2a02:a212:26xx::/64;2019-03-20 18:55:58;2019-03-30 18:29:55
59105 (HOMENOC);jpn (Japan);103.48.31.x/24;2018-03-12 14:11:09;2019-03-29 07:50:07
5050 (PSC-EXT);usa (United States);2001:5e8:xx::/64;2019-03-25 20:51:05;2019-03-26 14:38:06
262841;bra (Brazil);177.10.26.x/32;2019-03-23 01:10:53;2019-03-23 01:19:27
42936 (SPX);lva (Latvia);2001:67c:13xx::/64;2016-10-10 06:12:34;2019-03-21 18:52:03
42936 (SPX);lva (Latvia);91.193.65.x/32;2015-11-09 13:16:26;2019-03-21 18:52:03
262638;bra (Brazil);177.104.209.x/32;2019-03-21 16:35:32;2019-03-21 16:41:08
203703 (GWG-AS);rus (Russian Federation);91.108.43.x/24;2019-03-06 21:48:51;2019-03-20 16:55:46
27839;bol (Bolivia);190.11.78.x/24;2018-12-01 20:52:20;2019-03-12 18:17:27
27839;bol (Bolivia);200.58.69.x/24;2018-11-26 19:10:37;2019-03-12 18:12:50
27839;bol (Bolivia);200.58.93.x/24;2018-11-21 19:55:33;2019-03-12 18:04:43
51731 (GTT-AS);cze (Czech Republic);46.36.40.x/24;2019-02-02 19:58:58;2019-03-07 07:32:24
2828 (XO-AS15);usa (United States);209.48.7.x/32;2018-06-11 00:24:46;2019-03-06 15:30:34
27839;bol (Bolivia);200.58.68.x/24;2018-11-21 12:53:31;2019-02-28 20:58:44
20694 (NMMN-AS);deu (Germany);188.94.26.x/32;2019-02-25 17:47:47;2019-02-25 18:17:43
27839;bol (Bolivia);200.58.72.x/24;2018-11-21 15:27:57;2019-02-22 19:02:19
263784;chl (Chile);138.121.98.x/32;2019-02-20 03:18:35;2019-02-20 04:45:07
7922 (COMCAST-7922);usa (United States);2001:559:xx::/64;2019-02-20 01:05:13;2019-02-20 01:11:37
4657 (STARHUB-INTERNET);sgp (Singapore);111.223.108.x/32;2018-06-11 21:29:03;2019-02-18 22:34:51
17551 (DCSINTERNET-AS-AP);aus (Australia);117.53.136.x/32;2018-12-15 07:19:48;2019-02-16 04:06:47
36937 (Neotel-AS);zaf (South Africa);41.160.125.x/32;2019-01-07 09:07:09;2019-02-12 08:26:10
18451 (LESNET);can (Canada);208.81.3.x/32;2019-02-11 21:19:44;2019-02-11 21:52:01
27839;bol (Bolivia);190.11.76.x/32;2019-01-31 00:10:42;2019-02-09 20:08:25
41495 (FAELIX-AS);gbr (United Kingdom);2a01:9e00:a2xx::/64;2017-06-17 11:26:30;2019-02-07 12:07:03
36937 (Neotel-AS);zaf (South Africa);41.160.190.x/32;2018-09-15 13:37:10;2019-02-06 12:15:22
52680;bra (Brazil);143.0.117.x/32;2019-02-05 22:34:47;2019-02-05 23:05:19
52680;bra (Brazil);2804:c20:30xx::/64;2019-02-05 22:27:10;2019-02-05 22:38:46
7922 (COMCAST-7922);usa (United States);173.15.214.x/32;2019-01-26 21:29:02;2019-02-02 17:15:03
262591;bra (Brazil);2804:f04:10xx::/64;2019-02-01 17:09:16;2019-02-02 12:26:18
262591;bra (Brazil);177.8.56.x/32;2019-02-01 17:09:16;2019-02-02 12:15:54
62088 (Sinaro-ASN);ukr (Ukraine);91.219.28.x/24;2018-09-02 16:10:50;2019-02-01 19:34:34
16842 (5DL-AS);usa (United States);173.229.0.x/24;2016-11-05 01:58:20;2019-02-01 19:06:57
19624 (SERVERROOM);rou (Romania);185.105.4.x/24;2017-07-25 08:32:21;2019-01-29 22:10:38
17639 (CONVERGE-AS);phl (Philippines);210.4.117.x/32;2019-01-15 10:35:31;2019-01-29 12:48:31
265118;bra (Brazil);143.208.184.x/24;2018-11-27 16:07:49;2019-01-28 17:43:22
11827 (WSU-AS);usa (United States);134.121.145.x/32;2018-04-19 20:50:07;2019-01-24 17:55:32
2828 (XO-AS15);usa (United States);209.117.102.x/32;2017-04-02 12:33:57;2019-01-24 13:36:50
263018;bra (Brazil);186.237.182.x/32;2019-01-23 18:25:02;2019-01-23 18:52:39
2381 (WISCNET1-AS);usa (United States);205.213.14.x/32;2018-09-04 20:27:46;2019-01-18 14:29:18
2381 (WISCNET1-AS);usa (United States);2001:4e0:xx::/64;2019-01-16 17:01:13;2019-01-16 17:04:12
2381 (WISCNET1-AS);usa (United States);205.213.111.x/32;2019-01-16 17:01:13;2019-01-16 17:04:12
27693;bra (Brazil);186.236.82.x/32;2019-01-16 11:31:33;2019-01-16 13:02:03
266388;bra (Brazil);170.80.157.x/24;2018-06-11 13:12:30;2019-01-11 15:10:17
27839;bol (Bolivia);181.177.164.x/32;2019-01-03 01:59:04;2019-01-11 00:16:24
20965 (GEANT);gbr (United Kingdom);62.40.123.x/32;2018-03-15 16:30:47;2019-01-08 16:30:37
30983 (MARWAN-AS);mar (Morocco);196.200.160.x/32;2018-12-31 12:24:50;2019-01-07 13:31:32
203201 (IT-SUPERNAP);ita (Italy);185.142.153.x/32;2018-10-04 17:53:41;2019-01-07 09:16:50
13830 (NEXRIL);usa (United States);2604:fbc0:xx::/64;2019-01-07 03:48:43;2019-01-07 03:53:37
13830 (NEXRIL);usa (United States);161.129.152.x/32;2019-01-07 03:48:43;2019-01-07 03:53:37
21412 (CGATES-AS);ltu (Lithuania);5.20.223.x/24;2019-01-03 12:47:41;2019-01-04 10:12:54
21412 (CGATES-AS);ltu (Lithuania);5.20.186.x/32;2019-01-03 10:48:48;2019-01-04 09:36:13
4181 (TDS-AS);usa (United States);64.35.194.x/32;2016-10-21 15:52:15;2019-01-02 21:01:46
264066;bra (Brazil);2804:2a3c:xx::/64;2018-12-27 02:43:50;2018-12-27 04:31:01
262678;bra (Brazil);2804:300c:90xx::/64;2018-08-20 16:37:21;2018-12-21 05:55:36
264552;bra (Brazil);2804:2164:6xx::/64;2018-12-17 17:17:02;2018-12-17 17:35:42
266287;bra (Brazil);170.79.63.x/32;2018-08-01 19:50:10;2018-12-14 18:51:38
7922 (COMCAST-7922);usa (United States);50.201.95.x/32;2017-03-04 12:18:54;2018-12-14 02:15:06
138418 (CLC-AS-AP);bgd (Bangladesh);103.125.28.x/32;2018-12-06 16:40:15;2018-12-13 17:57:19
198644 (go6);svn (Slovenia);2001:67c:27xx::/64;2018-12-12 18:05:00;2018-12-12 18:13:18
20009 (WADSNET);usa (United States);204.11.92.x/32;2018-04-13 16:57:28;2018-12-11 03:32:49
393422 (NEWVISIONS-CNY);usa (United States);38.77.16.x/32;2018-09-25 12:44:43;2018-12-10 13:14:18
9299 (IPG-AS-AP);phl (Philippines);58.69.13.x/32;2018-11-26 03:50:03;2018-12-10 06:03:13
131291 (LANWORXLIMITED-AS-AP);nzl (New Zealand);43.224.251.x/32;2018-12-09 20:54:52;2018-12-09 21:26:03
50670 (VTELJO);jor (Jordan);185.193.177.x/32;2018-12-04 00:10:08;2018-12-07 20:31:18
267460;bra (Brazil);181.191.210.x/32;2018-12-01 12:01:03;2018-12-06 20:37:01
766 (RedIRIS);esp (Spain);130.206.16.x/24;2018-08-17 10:59:28;2018-12-05 09:44:08
55824 (NKN-CORE-NW);ind (India);14.139.89.x/32;2018-10-20 04:36:22;2018-12-05 04:08:40
58587 (FIBERATHOME-BD);bgd (Bangladesh);2403:9300:xx::/64;2018-11-11 05:33:52;2018-12-04 04:02:09
266554;bra (Brazil);2804:3dcc:5axx::/64;2018-12-03 20:13:24;2018-12-03 21:22:34
266554;bra (Brazil);160.238.172.x/32;2018-12-03 20:13:24;2018-12-03 21:22:34
266554;bra (Brazil);160.238.175.x/32;2018-12-03 20:27:59;2018-12-03 20:51:43
262896;bra (Brazil);2804:497c:xx::/64;2018-11-30 12:51:02;2018-12-03 18:28:54
28145;bra (Brazil);187.49.135.x/32;2018-12-03 15:48:20;2018-12-03 15:59:17
262700;bra (Brazil);187.102.112.x/32;2018-11-13 16:31:22;2018-11-29 13:17:58
34984 (TELLCOM-AS);tur (Turkey);176.235.91.x/32;2018-11-29 12:44:04;2018-11-29 12:48:44
2593 (ASN-VSIX);ita (Italy);2001:7f8:xx::/64;2018-11-05 08:11:19;2018-11-28 15:19:39
262612;bra (Brazil);2804:6e4:xx::/64;2018-11-27 20:50:08;2018-11-27 21:31:52
6461 (ZAYO-6461);usa (United States);208.184.224.x/32;2017-07-14 18:21:07;2018-11-27 15:57:28
2515 (JPNIC);jpn (Japan);2001:dc2:caxx::/64;2018-11-12 11:50:02;2018-11-27 04:44:45
396238 (FAIRLAWNGIG-NET);usa (United States);8.42.146.x/32;2017-12-04 00:49:16;2018-11-26 14:36:07
8265 (FASTNET-BKB-ASN);ita (Italy);2a02:2888:82xx::/64;2018-11-21 12:36:27;2018-11-26 10:59:08
203201 (IT-SUPERNAP);nld (Netherlands);185.145.192.x/32;2018-06-13 12:44:23;2018-11-26 09:42:49
53137;bra (Brazil);2804:33c:80xx::/64;2015-10-21 11:31:11;2018-11-13 19:06:46
262700;bra (Brazil);2804:d20:xx::/64;2018-11-13 16:31:22;2018-11-13 17:19:26
263032;bra (Brazil);186.250.39.x/32;2018-11-13 16:34:10;2018-11-13 17:06:19
2515 (JPNIC);jpn (Japan);202.13.68.x/32;2018-11-12 11:50:02;2018-11-13 10:28:52
58587 (FIBERATHOME-BD);bgd (Bangladesh);103.7.251.x/24;2018-11-11 03:11:56;2018-11-13 09:08:23
53137;bra (Brazil);186.193.160.x/32;2018-09-06 12:54:12;2018-11-12 16:27:05
62416 (PTServidor);prt (Portugal);185.32.189.x/32;2018-11-09 16:39:27;2018-11-10 01:42:42
62416 (PTServidor);prt (Portugal);2a00:c560:3axx::/64;2018-11-10 01:29:59;2018-11-10 01:39:45
53137;bra (Brazil);2804:33c:e0xx::/64;2018-10-29 22:01:55;2018-11-08 17:37:38
3786 (LGDACOM);kor (South Korea);1.214.51.x/32;2018-11-01 03:01:11;2018-11-01 04:39:31
42004 (ULGRP-AS);gbr (United Kingdom);31.10.33.x/32;2018-10-19 19:49:25;2018-10-29 16:14:45
10326 (WPI);usa (United States);130.215.214.x/24;2018-09-26 20:00:18;2018-10-29 15:03:28
12306 (PLUSLINE);deu (Germany);82.98.106.x/32;2018-08-17 12:21:42;2018-10-26 08:15:37
33920 (AQL);gbr (United Kingdom);141.170.18.x/32;2018-06-01 17:02:46;2018-10-25 13:46:47
3356 (LEVEL3);usa (United States);4.30.124.x/32;2017-05-30 01:59:14;2018-10-24 11:08:25
39904 (MERIT-AS);cze (Czech Republic);2a02:7a00:xx::/64;2018-10-23 16:30:15;2018-10-23 16:39:41
267460;bra (Brazil);181.191.208.x/32;2018-05-14 21:55:03;2018-10-22 14:52:24
327700 (MoRENet);moz (Mozambique);2c0f:f140:11xx::/64;2018-10-22 11:26:41;2018-10-22 11:39:16
4 (ISI-AS);usa (United States);206.117.31.x/24;2015-08-20 22:13:33;2018-10-19 18:27:51
16010 (MagticomAS);geo (Georgia);2a0b:6200:xx::/64;2018-10-16 07:43:50;2018-10-19 06:47:59
16010 (MagticomAS);geo (Georgia);213.157.192.x/32;2018-10-16 07:43:50;2018-10-19 06:45:57
34781 (SIL-CITYCABLE-AS);che (Switzerland);2a00:f90:fxx::/64;2018-03-26 20:23:20;2018-10-18 17:01:35
15176 (AS-INOC);usa (United States);2620:0:22xx::/64;2018-04-09 13:43:39;2018-10-17 20:08:40
6848 (TELENET-AS);bel (Belgium);2a02:181f:xx::/64;2018-08-27 10:55:45;2018-10-08 18:07:34
237 (MERIT-AS-14);usa (United States);198.108.60.x/32;2016-11-12 16:58:28;2018-10-05 21:36:29
7233 (YAHOO-US);usa (United States);209.131.62.x/32;2017-10-04 21:46:42;2018-10-04 04:57:48
14361 (HOPONE-GLOBAL);usa (United States);209.61.232.x/32;2018-10-03 20:22:14;2018-10-03 20:35:34
28130;bra (Brazil);187.19.101.x/32;2018-07-09 13:31:41;2018-10-02 11:39:52
28130;bra (Brazil);187.19.102.x/32;2018-07-03 23:56:44;2018-10-02 11:28:19
17222;bra (Brazil);179.191.65.x/32;2018-08-20 18:41:53;2018-10-01 18:45:57
30823 (COMBAHTON);deu (Germany);78.108.216.x/24;2018-08-30 07:58:20;2018-09-29 03:18:08
5786 (UPRENET);pri (Puerto Rico);136.145.33.x/32;2016-09-26 12:32:16;2018-09-25 12:25:19
54540 (INCERO-HVVC);usa (United States);162.250.232.x/32;2018-08-21 16:45:08;2018-09-20 19:18:37
22742 (CT-EDU-NET);usa (United States);72.10.111.x/24;2018-08-08 16:26:51;2018-09-13 18:59:50
2152 (CSUNET-NW);usa (United States);137.164.81.x/32;2018-01-13 00:03:34;2018-09-10 20:30:21
2152 (CSUNET-NW);usa (United States);2607:f380:axx::/64;2018-06-12 20:06:43;2018-09-10 20:30:21
28283;bra (Brazil);189.14.239.x/32;2018-08-02 18:00:02;2018-09-09 03:25:12
28283;bra (Brazil);2804:378:3xx::/64;2018-08-20 21:20:31;2018-09-09 03:25:12
41495 (FAELIX-AS);gbr (United Kingdom);46.227.202.x/24;2018-08-22 02:11:20;2018-09-08 19:39:36
41495 (FAELIX-AS);gbr (United Kingdom);46.227.203.x/24;2017-06-17 11:26:30;2018-09-08 19:36:17
201701 (FFRL-AS);deu (Germany);2a03:2260:23xx::/64;2018-07-27 14:50:50;2018-09-08 14:43:36
18451 (LESNET);can (Canada);208.81.5.x/24;2017-11-01 15:23:43;2018-09-07 20:28:05
16814;arg (Argentina);190.2.14.x/32;2018-09-04 14:43:25;2018-09-04 15:17:23
16814;arg (Argentina);190.210.94.x/32;2018-09-04 14:47:22;2018-09-04 15:14:21
16842 (5DL-AS);usa (United States);173.229.10.x/24;2016-11-04 03:47:33;2018-09-04 03:59:45
53236;bra (Brazil);2804:2f0:xx::/64;2018-06-30 19:51:39;2018-09-03 22:37:26
4764 (WIDEBAND-AS-AP);nzl (New Zealand);2403:5800:f1xx::/64;2018-08-16 11:33:29;2018-09-01 09:37:59
264175;bra (Brazil);138.94.188.x/32;2018-08-29 12:24:53;2018-08-30 18:33:50
21949 (BEANFIELD);can (Canada);66.207.198.x/32;2018-05-21 15:50:30;2018-08-29 03:00:09
268349;ury (Uruguay);2804:4fc8:baxx::/64;2018-07-30 19:10:45;2018-08-28 18:07:55
31742 (SOTACONNECT);gbr (United Kingdom);83.137.226.x/32;2017-10-27 11:03:23;2018-08-28 09:46:50
31742 (SOTACONNECT);gbr (United Kingdom);2a00:d300:1xx::/64;2018-08-19 16:31:48;2018-08-26 17:38:36
31742 (SOTACONNECT);gbr (United Kingdom);2a00:d300:xx::/64;2018-08-18 08:59:00;2018-08-25 10:06:02
54417 (STIMULUS-TECHNOLOGIES);usa (United States);199.233.60.x/32;2018-08-15 23:12:18;2018-08-22 22:48:58
2152 (CSUNET-NW);usa (United States);137.164.83.x/24;2005-03-28 22:57:29;2018-08-20 15:11:56
263073;bra (Brazil);2804:954:2xx::/64;2018-06-28 19:27:50;2018-08-17 15:51:38
135294 (QAL-AS-AP);aus (Australia);103.212.195.x/32;2018-05-20 08:05:52;2018-08-13 12:25:46
11556;pan (Panama);2800:350:9xx::/64;2018-08-10 15:34:22;2018-08-10 18:11:26
264478;bra (Brazil);2804:2038:axx::/64;2017-06-07 13:27:41;2018-08-10 00:06:22
766 (RedIRIS);esp (Spain);130.206.6.x/24;2013-04-03 13:50:54;2018-08-07 12:38:34
265967;bra (Brazil);2804:4090:1xx::/64;2018-07-12 22:58:19;2018-08-07 10:59:18
53240;bra (Brazil);190.15.36.x/32;2018-05-14 18:40:19;2018-08-02 15:01:18
265451;bra (Brazil);168.196.106.x/32;2018-07-30 14:17:00;2018-07-30 14:21:38
29384 (Qatar-Foundation);usa (United States);165.124.239.x/24;2018-03-08 13:00:10;2018-07-25 12:20:15
53137;bra (Brazil);177.107.171.x/24;2018-07-25 00:13:35;2018-07-25 00:27:59
267322;bra (Brazil);192.144.72.x/24;2018-06-26 20:52:12;2018-07-23 16:51:11
7575 (AARNET-AS-AP);aus (Australia);202.158.213.x/24;2018-05-21 22:23:02;2018-07-20 00:16:50
135654 (IHL-AS-AP);bgd (Bangladesh);175.41.44.x/32;2018-07-05 13:22:15;2018-07-17 17:45:42
16202 (TELECOLUMBUS-AS);deu (Germany);2a00:c1a0:c0xx::/64;2018-01-31 15:40:15;2018-07-17 14:46:48
8473 (BAHNHOF);swe (Sweden);155.4.19.x/32;2018-06-12 10:02:32;2018-07-17 09:34:38
262526;bra (Brazil);177.200.180.x/32;2018-03-21 19:54:51;2018-07-16 11:49:46
56554 (IETF-MEETING);che (Switzerland);31.133.150.x/24;2017-11-17 07:03:47;2018-07-16 11:09:12
56554 (IETF-MEETING);che (Switzerland);31.133.153.x/24;2018-07-11 14:29:55;2018-07-12 15:39:13
262478;bra (Brazil);177.47.250.x/32;2018-07-05 13:50:16;2018-07-10 12:27:58
264084;bra (Brazil);2804:2a9c:xx::/64;2018-07-09 15:36:13;2018-07-10 11:04:06
266164;bra (Brazil);2804:3bac:xx::/64;2018-07-10 03:48:46;2018-07-10 04:06:12
266164;bra (Brazil);45.6.184.x/32;2018-07-10 03:48:46;2018-07-10 04:00:54
52850;bra (Brazil);187.84.95.x/24;2018-07-09 15:00:31;2018-07-09 19:56:43
28130;bra (Brazil);2804:2b8:28xx::/64;2018-06-27 15:45:36;2018-07-09 19:40:30
45267 (LIGHTWIRE-AS-AP);nzl (New Zealand);114.134.4.x/32;2016-06-07 10:27:39;2018-07-08 07:45:41
7922 (COMCAST-7922);usa (United States);96.89.53.x/32;2016-10-03 15:51:25;2018-07-02 23:27:27
262478;bra (Brazil);2804:a78:80xx::/64;2018-06-28 12:17:25;2018-06-28 12:49:11
45510 (TELCOINABOX-AU);aus (Australia);141.168.231.x/32;2018-01-24 22:11:15;2018-06-26 23:37:42
45650 (VIANET-NP);npl (Nepal);110.44.127.x/32;2017-03-27 03:52:46;2018-06-24 12:17:50
6181 (FUSE-NET);usa (United States);208.102.44.x/32;2018-05-31 21:47:07;2018-06-22 15:00:55
200296 (Gameserverprovider);gbr (United Kingdom);79.143.85.x/24;2017-07-14 11:32:19;2018-06-21 19:59:43
25459 (NEDZONE-AS);nld (Netherlands);77.243.226.x/32;2018-03-15 11:07:32;2018-06-20 08:09:19
262968;bra (Brazil);2804:eb0:xx::/64;2018-06-19 12:29:18;2018-06-19 17:19:51
262968;bra (Brazil);186.237.56.x/32;2018-05-25 13:38:33;2018-06-19 17:12:34
264005;bra (Brazil);143.0.151.x/32;2018-03-01 13:02:15;2018-06-18 17:39:09
20082 (ABSNOC1);usa (United States);204.238.56.x/32;2016-10-27 18:18:33;2018-06-17 14:22:16
5056 (AUREON-5056);usa (United States);199.120.75.x/32;2016-11-10 12:36:15;2018-06-14 13:10:02
1241 (FORTHNET-GR);grc (Greece);193.92.184.x/32;2018-06-12 09:09:34;2018-06-12 09:58:09
11427 (TWC-11427-TEXAS);usa (United States);2605:6000:10xx::/64;2018-04-28 01:11:56;2018-06-12 01:58:53
2828 (XO-AS15);usa (United States);67.155.240.x/32;2016-07-27 20:00:44;2018-06-11 01:07:00
11796 (AIRSTREAMCOMM-NET);usa (United States);207.190.120.x/32;2017-12-03 19:03:28;2018-06-08 13:58:39
31029 (M-REAL);bgr (Bulgaria);77.76.140.x/32;2018-06-08 09:11:05;2018-06-08 09:28:16
40764 (DNA-DKLB);usa (United States);208.89.149.x/24;2018-05-29 21:00:23;2018-06-05 22:13:59
45458 (SBN-AWN-AS-02-AP);tha (Thailand);49.231.81.x/24;2017-09-22 06:09:47;2018-06-05 05:32:03
262485;bra (Brazil);177.66.0.x/32;2018-05-17 15:51:28;2018-06-04 11:20:43
53222;bra (Brazil);186.251.23.x/32;2018-04-24 20:29:16;2018-06-01 11:11:48
266355;bra (Brazil);2804:368c:xx::/64;2018-05-30 12:48:29;2018-05-31 00:53:33
262476;bra (Brazil);186.224.88.x/24;2018-04-28 13:49:00;2018-05-30 17:08:20
577 (BACOM);can (Canada);70.50.90.x/32;2018-05-24 19:16:33;2018-05-25 20:35:13
2613 (VAN_GULIK);che (Switzerland);193.135.150.x/24;2016-03-17 14:25:35;2018-05-23 19:23:32
55850 (TRUSTPOWERLTD-AS-AP);nzl (New Zealand);2406:5a00:e0xx::/64;2018-05-09 09:00:20;2018-05-21 02:26:11
265995;bra (Brazil);164.163.231.x/32;2018-05-18 02:18:36;2018-05-18 02:43:19
577 (BACOM);can (Canada);70.29.82.x/32;2018-05-13 19:44:00;2018-05-17 03:21:54
2121 (RIPE-MEETING-AS);nld (Netherlands);193.0.27.x/24;2017-05-08 07:35:44;2018-05-14 14:15:06
11232 (MIDCO-NET);usa (United States);172.103.11.x/32;2017-11-12 20:34:25;2018-05-14 12:43:28
9268 (OVERTHEWIRE-AS-AP);aus (Australia);2402:c00:xx::/64;2016-11-17 22:48:56;2018-05-13 23:22:28
9318 (SKB-AS);kor (South Korea);61.98.153.x/24;2018-05-05 05:05:10;2018-05-12 08:07:28
37095;mus (Mauritius);196.200.212.x/24;2017-05-20 09:56:28;2018-05-09 18:24:44
7018 (ATT-INTERNET4);usa (United States);76.224.184.x/32;2016-12-05 01:52:15;2018-04-30 00:21:40
11232 (MIDCO-NET);usa (United States);140.186.202.x/32;2018-03-28 01:52:12;2018-04-29 15:47:02
30745 (SITENETWORK-AS);rus (Russian Federation);89.232.138.x/32;2018-04-20 04:38:55;2018-04-27 03:30:33
137259 (M174-AS-AP);nzl (New Zealand);103.106.66.x/32;2018-04-18 01:04:54;2018-04-26 07:01:04
44858 (PROXSYS-AS);nld (Netherlands);93.95.0.x/32;2018-03-15 20:04:30;2018-04-17 18:17:15
44858 (PROXSYS-AS);nld (Netherlands);93.95.4.x/32;2018-03-15 15:15:59;2018-04-17 14:12:12
37084 (simbanet-tz);tza (Tanzania);2001:4258:xx::/64;2018-04-04 04:00:25;2018-04-16 03:51:11
7922 (COMCAST-7922);usa (United States);2001:559:80xx::/64;2016-09-01 05:00:08;2018-04-15 17:42:14
11796 (AIRSTREAMCOMM-NET);usa (United States);2603:b0e0:ffxx::/64;2018-04-12 16:45:44;2018-04-12 17:01:29
11796 (AIRSTREAMCOMM-NET);usa (United States);68.65.44.x/24;2017-12-01 14:05:01;2018-04-12 17:01:29
11796 (AIRSTREAMCOMM-NET);usa (United States);2603:b0e0:17xx::/64;2018-04-02 13:36:16;2018-04-12 16:57:59
37457 (Telkom-Internet);zaf (South Africa);105.227.140.x/32;2018-04-05 06:33:53;2018-04-11 12:05:14
34971 (PDDA-AS);ita (Italy);2a00:dcc0:exx::/64;2016-08-01 07:40:16;2018-04-09 07:40:02
28263;bra (Brazil);201.49.73.x/32;2018-03-22 23:55:38;2018-04-06 02:40:02
262526;bra (Brazil);177.67.199.x/32;2018-02-02 20:31:00;2018-04-04 23:31:19
37457 (Telkom-Internet);zaf (South Africa);105.227.14.x/32;2018-04-04 09:07:09;2018-04-04 09:15:57
59105 (HOMENOC);jpn (Japan);2403:bd80:bbxx::/64;2018-03-25 05:34:03;2018-04-01 06:40:37
202425 (INT-NETWORK);nld (Netherlands);89.248.162.x/24;2013-10-04 09:54:59;2018-03-31 22:08:51
29073;nld (Netherlands);89.248.173.x/24;2018-02-09 10:05:13;2018-03-31 21:07:29
29073;nld (Netherlands);89.248.172.x/24;2017-03-19 05:51:44;2018-03-31 21:04:05
29073;nld (Netherlands);89.248.171.x/24;2015-11-08 15:03:24;2018-03-31 20:40:32
7018 (ATT-INTERNET4);usa (United States);162.232.96.x/32;2017-06-12 12:30:28;2018-03-31 18:49:46
33651 (CMCS);usa (United States);24.104.150.x/24;2016-06-04 01:47:56;2018-03-29 23:49:46
40801 (LEWISU-ROMEOVILLE);usa (United States);38.69.30.x/32;2017-06-06 22:58:57;2018-03-28 22:59:52
37457 (Telkom-Internet);zaf (South Africa);105.186.201.x/32;2018-03-27 07:32:38;2018-03-28 08:09:02
28254;bra (Brazil);187.16.136.x/32;2017-08-31 17:30:00;2018-03-26 18:56:22
34971 (PDDA-AS);ita (Italy);2a00:dcc0:e4xx::/64;2016-07-27 14:52:01;2018-03-26 07:40:02
266312;bra (Brazil);2804:35e0:1xx::/64;2018-03-23 20:36:22;2018-03-25 18:54:17
60404 (Liteserver);nld (Netherlands);5.2.75.x/24;2017-11-18 12:09:25;2018-03-15 11:44:04
56554 (IETF-MEETING);che (Switzerland);2001:67c:3xx::/64;2017-07-11 08:43:53;2018-03-14 17:49:40
60117 (HS);rou (Romania);185.141.24.x/24;2016-07-22 15:23:14;2018-03-08 09:32:08
7018 (ATT-INTERNET4);usa (United States);108.233.42.x/32;2016-11-28 09:55:03;2018-02-23 21:30:20
24555 (APRICOT-APNIC-ASN);sgp (Singapore);220.247.148.x/24;2018-02-19 02:30:25;2018-02-20 06:09:11
24555 (APRICOT-APNIC-ASN);sgp (Singapore);2001:df9:xx::/64;2018-02-19 02:30:25;2018-02-20 02:57:25
28194;bra (Brazil);187.33.56.x/32;2018-02-09 14:06:35;2018-02-14 01:17:55
59715 (SBTAP-AS);ita (Italy);185.5.200.x/32;2018-01-11 07:33:00;2018-02-12 10:03:59
2497 (IIJ);jpn (Japan);2001:240:1exx::/64;2018-01-24 03:53:17;2018-01-26 01:08:53
7018 (ATT-INTERNET4);usa (United States);162.194.223.x/32;2018-01-21 01:58:14;2018-01-21 03:07:38
54540 (INCERO-HVVC);usa (United States);23.227.161.x/32;2018-01-13 22:59:51;2018-01-15 04:19:49
54540 (INCERO-HVVC);usa (United States);107.155.96.x/32;2018-01-15 03:49:36;2018-01-15 04:14:41
37314 (Syrex-Pty-Ltd);zaf (South Africa);41.79.23.x/32;2017-12-14 09:49:00;2018-01-07 19:50:42
37314 (Syrex-Pty-Ltd);zaf (South Africa);154.119.68.x/32;2017-12-14 13:21:54;2018-01-07 19:43:07
6830 (LGI-UPC);pol (Poland);2a02:a31a:a2xx::/64;2017-11-18 10:55:02;2018-01-04 09:40:25
15962 (OSK-DNI);svk (Slovak Republic);185.50.215.x/32;2017-11-07 15:19:37;2017-12-27 10:54:03
18779 (EGIHOSTING);usa (United States);208.80.4.x/24;2013-04-01 18:05:10;2017-12-24 00:26:49
27653;hti (Haiti);200.113.231.x/32;2017-12-02 19:11:28;2017-12-22 17:27:00
33986 (ASN-REDDER);ita (Italy);217.194.176.x/32;2017-12-20 15:36:08;2017-12-21 09:26:06
174 (COGENT-174);nld (Netherlands);154.59.111.x/32;2017-01-04 10:49:33;2017-12-17 22:37:29
395819 (AMTECHCOMM);usa (United States);8.30.81.x/32;2017-08-01 05:37:02;2017-12-16 23:45:56
61798;bra (Brazil);200.229.82.x/32;2017-12-06 02:28:21;2017-12-06 02:50:51
11752;bra (Brazil);2001:12fe:xx::/64;2017-05-20 19:30:34;2017-12-03 20:35:20
56554 (IETF-MEETING);che (Switzerland);31.133.151.x/24;2017-11-07 00:03:17;2017-11-15 05:48:41
7922 (COMCAST-7922);usa (United States);2601:194:1xx::/64;2017-05-30 04:08:04;2017-11-12 03:52:25
8473 (BAHNHOF);swe (Sweden);85.24.205.x/32;2017-09-04 08:07:22;2017-11-09 11:24:59
3320 (DTAG);deu (Germany);79.219.140.x/32;2017-11-01 13:46:06;2017-11-08 14:52:42
56554 (IETF-MEETING);che (Switzerland);31.133.152.x/24;2017-11-08 04:28:44;2017-11-08 04:45:42
9268 (OVERTHEWIRE-AS-AP);aus (Australia);180.214.68.x/32;2017-07-02 03:44:40;2017-11-08 03:46:28
7922 (COMCAST-7922);usa (United States);98.195.234.x/32;2017-11-07 18:19:02;2017-11-07 19:31:03
49453 (GLOBALLAYER);nld (Netherlands);213.152.165.x/24;2017-08-16 16:43:47;2017-11-07 09:51:53
393837 (VNTX);usa (United States);2606:1c80:xx::/64;2017-09-16 01:26:06;2017-11-05 20:19:39
29182 (THEFIRST-AS);rus (Russian Federation);185.63.189.x/32;2017-11-01 19:06:07;2017-11-04 01:16:04
34971 (PDDA-AS);ita (Italy);192.165.67.x/32;2016-07-27 14:52:01;2017-10-30 07:40:45
62240 (Clouvider);gbr (United Kingdom);185.198.189.x/32;2017-10-29 17:17:31;2017-10-29 20:30:32
18881;bra (Brazil);2804:7f2:2axx::/64;2017-10-25 14:03:42;2017-10-26 22:08:36
4476 (BCIT);can (Canada);142.232.128.x/24;2016-11-01 21:57:48;2017-10-25 20:56:31
134227 (REDCABLES-NZ-AP);nzl (New Zealand);163.7.136.x/24;2017-05-17 23:11:12;2017-10-25 20:17:35
8473 (BAHNHOF);swe (Sweden);212.85.68.x/32;2017-07-27 08:00:24;2017-10-25 08:20:44
11970 (ETEL);usa (United States);207.162.182.x/32;2016-11-10 18:15:47;2017-10-14 03:06:05
7106 (INDEPENDENTSFIBERNETWORK);usa (United States);216.255.15.x/24;2017-07-17 12:02:42;2017-10-12 20:30:48
37532 (ZAMREN);zmb (Zambia);41.63.16.x/32;2016-09-14 06:07:44;2017-10-10 21:37:28
9268 (OVERTHEWIRE-AS-AP);aus (Australia);180.214.93.x/32;2016-10-24 09:41:12;2017-10-10 09:24:53
20115 (CHARTER-20115);usa (United States);96.40.74.x/32;2017-06-30 04:05:22;2017-09-27 14:48:55
577 (BACOM);can (Canada);142.114.93.x/32;2017-09-26 01:49:15;2017-09-27 00:21:51
7018 (ATT-INTERNET4);usa (United States);99.21.192.x/32;2017-03-21 01:09:31;2017-09-26 00:53:11
1280 (ISC-AS-1280);usa (United States);2001:4f8:xx::/64;2017-04-06 17:01:03;2017-09-22 18:31:12
16281 (UTELISYS);nld (Netherlands);217.117.234.x/24;2017-03-24 13:53:18;2017-09-11 09:41:58
35028 (MULTIPLAY);gbr (United Kingdom);2001:4db0:1xx::/64;2017-08-28 09:12:56;2017-08-28 09:34:40
3790;cri (Costa Rica);190.241.189.x/32;2017-07-26 17:00:53;2017-08-23 17:24:06
53070;bra (Brazil);177.36.237.x/32;2017-08-11 18:49:35;2017-08-15 20:02:59
13189 (LIDERO);swe (Sweden);212.112.50.x/24;2017-08-11 09:30:48;2017-08-14 12:26:47
6939 (HURRICANE);usa (United States);2002:ad03:65xx::/64;2017-06-06 23:38:14;2017-08-12 13:26:31
12502 (NEPUSTILNET-AS01);deu (Germany);193.105.105.x/24;2017-08-10 10:45:28;2017-08-10 11:00:37
12502 (NEPUSTILNET-AS01);deu (Germany);2001:14f8:2xx::/64;2017-08-10 10:45:28;2017-08-10 11:00:37
133481 (AIS-Fibre-AS-AP);tha (Thailand);2405:9800:baxx::/64;2017-08-07 08:41:03;2017-08-07 11:11:09
206963 (NetEngi);ukr (Ukraine);94.74.81.x/24;2017-08-05 01:09:16;2017-08-06 21:20:57
22548;bra (Brazil);2001:12ff:xx::/64;2015-05-29 12:30:43;2017-08-04 20:53:13
34244 (TELESERVICE);swe (Sweden);85.30.129.x/32;2016-07-19 12:19:25;2017-08-04 09:41:13
27876;cri (Costa Rica);190.7.202.x/32;2017-06-13 23:08:07;2017-07-31 17:27:41
58691 (DELTA-BD);bgd (Bangladesh);103.253.46.x/32;2017-07-14 05:41:43;2017-07-25 14:47:02
30823 (COMBAHTON);deu (Germany);5.1.80.x/24;2017-07-11 10:24:20;2017-07-24 11:52:04
11427 (TWC-11427-TEXAS);usa (United States);71.40.0.x/32;2016-11-23 00:29:11;2017-07-17 16:30:55
56554 (IETF-MEETING);che (Switzerland);31.133.144.x/32;2017-07-10 09:31:37;2017-07-17 11:18:41
30154 (DAVEN);usa (United States);66.202.206.x/32;2017-03-29 17:57:31;2017-07-11 19:06:19
7018 (ATT-INTERNET4);usa (United States);99.30.186.x/32;2017-02-27 23:45:08;2017-07-10 19:12:09
14576 (HOSTING-SOLUTIONS);usa (United States);162.244.34.x/24;2017-01-19 11:32:22;2017-07-10 06:29:49
34984 (TELLCOM-AS);tur (Turkey);91.93.164.x/32;2017-04-21 07:24:31;2017-07-05 11:09:10
7018 (ATT-INTERNET4);usa (United States);162.192.169.x/32;2017-04-14 01:48:59;2017-07-03 21:30:51
44901 (belcloud);bgr (Bulgaria);5.104.175.x/24;2016-01-26 06:08:49;2017-07-02 15:40:42
209 (CENTURYLINK-US-LEGACY-QWEST);usa (United States);76.4.123.x/32;2017-06-22 03:04:55;2017-06-22 23:05:48
7018 (ATT-INTERNET4);usa (United States);99.21.66.x/32;2017-04-12 14:11:40;2017-06-20 13:34:50
6830 (LGI-UPC);prt (Portugal);2001:730:xx::/64;2017-06-14 15:33:03;2017-06-15 11:54:40
62593 (SILOWIRELESS);can (Canada);162.223.51.x/32;2017-06-09 13:25:09;2017-06-09 13:50:35
264478;bra (Brazil);131.255.116.x/32;2017-06-06 16:59:36;2017-06-06 17:28:38
16876 (ICANN-DC);usa (United States);192.0.47.x/32;2017-03-22 03:38:38;2017-06-04 01:19:05
32613 (IWEB-AS);can (Canada);108.163.152.x/32;2016-09-16 19:37:18;2017-05-31 14:25:10
30880 (SPACEDUMP-AS);swe (Sweden);2a01:298:xx::/64;2017-05-23 21:12:32;2017-05-25 17:12:09
30880 (SPACEDUMP-AS);swe (Sweden);212.63.210.x/32;2017-05-23 21:12:32;2017-05-25 13:16:26
17204 (AKAMAI-NOMINUM-ASN);usa (United States);2620:0:bxx::/64;2017-05-09 15:18:38;2017-05-23 21:43:44
9299 (IPG-AS-AP);phl (Philippines);122.52.49.x/32;2017-05-13 14:39:14;2017-05-16 22:30:12
4 (ISI-AS);usa (United States);128.9.184.x/24;2015-08-18 00:57:28;2017-05-16 18:13:48
11039 (GWU);usa (United States);2620:106:c0xx::/64;2016-10-14 17:52:02;2017-05-16 18:13:19
136301 (JETWAYIN-AS-IN);ind (India);103.90.236.x/32;2017-05-05 11:25:23;2017-05-15 06:53:08
2121 (RIPE-MEETING-AS);fra (France);2001:67c:xx::/64;2017-05-08 07:35:44;2017-05-09 08:13:52
1653 (SUNET);swe (Sweden);193.10.0.x/32;2016-12-15 14:12:06;2017-05-02 15:49:54
1653 (SUNET);swe (Sweden);2001:6b0:xx::/64;2016-08-19 10:14:20;2017-05-02 15:00:56
7018 (ATT-INTERNET4);usa (United States);172.9.21.x/32;2016-12-07 01:45:56;2017-05-01 02:16:50
33152 (KCEC-ASN);usa (United States);2607:f768:2xx::/64;2017-04-26 21:19:39;2017-04-27 18:46:24
6939 (HURRICANE);usa (United States);2002:8ec5:a0xx::/64;2017-04-19 00:36:40;2017-04-26 01:43:25
197922 (FIRSTHEBERG);fra (France);93.113.206.x/24;2017-04-21 08:47:24;2017-04-23 18:10:15
31857 (PRIORITY-TERABIT);usa (United States);69.28.32.x/32;2017-01-11 08:29:28;2017-04-19 11:41:54
237 (MERIT-AS-14);usa (United States);2001:48a8:68xx::/64;2016-10-03 12:18:49;2017-04-18 15:40:02
54825 (PACKET);usa (United States);147.75.205.x/24;2016-04-15 04:48:07;2017-04-18 12:44:24
21804 (ACCESS-SK);can (Canada);24.72.6.x/32;2017-02-20 22:54:22;2017-04-14 15:41:04
33980 (PAF);swe (Sweden);192.165.72.x/24;2017-04-07 19:11:32;2017-04-13 13:09:25
34244 (TELESERVICE);swe (Sweden);2a02:80:3fxx::/64;2017-04-07 19:11:32;2017-04-13 13:09:25
24211 (DETIK-AS-ID);idn (Indonesia);103.49.221.x/32;2017-04-11 07:31:13;2017-04-13 03:16:47
32107 (WAVE-CABLE);usa (United States);24.113.209.x/32;2017-04-08 01:23:10;2017-04-08 03:41:16
237 (MERIT-AS-14);usa (United States);198.108.63.x/24;2016-11-03 13:12:35;2017-04-06 18:12:19
4608 (APNIC-SERVICES);nld (Netherlands);2001:dc0:a0xx::/64;2016-09-09 01:15:58;2017-04-02 23:36:45
7922 (COMCAST-7922);usa (United States);2601:601:80xx::/64;2017-03-22 05:00:13;2017-03-29 16:26:06
394437 (PSLIGHTWAVE);usa (United States);2606:a780:xx::/64;2016-11-04 00:31:21;2017-03-25 16:44:26
7018 (ATT-INTERNET4);usa (United States);99.92.143.x/32;2017-01-16 06:39:45;2017-03-25 05:34:09
20860 (IOMART-AS);gbr (United Kingdom);109.169.65.x/32;2017-03-01 15:09:29;2017-03-17 01:39:03
9318 (SKB-AS);kor (South Korea);180.64.160.x/24;2017-02-03 12:59:37;2017-03-14 13:13:28
9009 (M247);rou (Romania);85.204.124.x/24;2017-01-10 03:29:06;2017-03-07 13:19:17
12384 (SLU-UPPSALA);swe (Sweden);77.235.228.x/32;2016-11-25 14:03:08;2017-03-06 13:30:51
45345 (NAUTILE-NC-AS-AP);ncl (New Caledonia [French]);2404:e400:xx::/64;2016-12-08 21:29:46;2017-03-05 07:32:56
45345 (NAUTILE-NC-AS-AP);ncl (New Caledonia [French]);115.126.160.x/32;2016-12-08 21:29:46;2017-02-28 13:06:43
16842 (5DL-AS);usa (United States);173.229.12.x/24;2016-12-20 21:52:34;2017-02-27 21:24:40
48716 (PSKZ);kaz (Kazakhstan);91.201.214.x/32;2017-02-01 16:36:53;2017-02-24 07:12:08
25 (UCB);usa (United States);2607:f140:c0xx::/64;2016-10-27 15:25:24;2017-02-08 16:20:34
8551 (BEZEQ-INTERNATIONAL-AS);isr (Israel);82.81.219.x/32;2016-08-09 09:33:26;2017-02-06 13:10:59
4851 (HOSTNETWORKS-AS-AU-AP);aus (Australia);2402:e400:10xx::/64;2016-09-10 13:13:10;2017-02-06 03:17:19
22990 (ALBANYEDU);usa (United States);169.226.58.x/24;2016-09-29 12:38:43;2017-02-04 16:42:58
19230 (NANOG);usa (United States);192.252.241.x/32;2017-02-04 15:49:42;2017-02-04 16:04:18
9299 (IPG-AS-AP);phl (Philippines);122.54.196.x/32;2016-11-14 05:31:01;2017-01-25 04:58:51
22742 (CT-EDU-NET);usa (United States);199.241.247.x/24;2016-07-06 12:41:02;2017-01-19 20:20:08
51313 (highlandwireless);nld (Netherlands);185.41.137.x/32;2016-12-29 19:24:28;2017-01-12 21:38:14
38300 (REANNZ-RD-NZ-AP);nzl (New Zealand);163.7.172.x/24;2017-01-10 00:52:25;2017-01-11 02:47:14
13030 (INIT7);che (Switzerland);2a02:168:66xx::/64;2017-01-09 00:00:07;2017-01-09 00:27:04
8283 (COLOCLUE-AS);nld (Netherlands);2a02:898:xx::/64;2016-10-19 13:10:56;2017-01-05 09:34:58
8283 (COLOCLUE-AS);nld (Netherlands);94.142.246.x/32;2016-10-19 13:10:56;2017-01-05 09:34:58
9105 (TISCALI-UK);gbr (United Kingdom);62.64.169.x/32;2016-12-26 16:33:49;2017-01-02 21:19:47
13857 (ONLINEMAC);usa (United States);69.168.124.x/24;2016-11-08 20:50:10;2016-12-30 21:36:19
35706 (NAO);swe (Sweden);85.195.60.x/32;2016-12-22 12:43:29;2016-12-22 12:50:41
559 (SWITCH);che (Switzerland);2001:620:6xx::/64;2016-12-06 09:43:17;2016-12-13 10:53:15
40038 (MORAINEVALLEY-NET);usa (United States);64.107.11.x/32;2016-12-01 16:58:29;2016-12-12 20:00:15
7849 (CROCKERCOM);usa (United States);161.77.55.x/32;2016-11-30 13:55:39;2016-11-30 16:42:43
26615;bra (Brazil);186.231.8.x/32;2016-09-05 19:49:05;2016-11-30 01:52:20
51191 (XIRRA);deu (Germany);130.185.104.x/24;2016-11-15 18:39:08;2016-11-28 08:47:42
13427 (SOFTCOM-INTERNET-COMMUNICATIONS);usa (United States);2604:8d80:xx::/64;2016-09-25 20:45:35;2016-11-28 08:20:38
4608 (APNIC-SERVICES);nld (Netherlands);2001:dd8:xx::/64;2016-09-12 03:28:20;2016-11-27 22:04:45
59728 (STEPHOST-AS);mda (Moldova, Republic of);5.154.191.x/24;2016-11-26 07:46:54;2016-11-26 12:35:45
8676 (PRTSYSTEMS);gbr (United Kingdom);2001:1420:xx::/64;2016-10-22 12:27:58;2016-11-23 08:40:09
7922 (COMCAST-7922);usa (United States);2601:2c3:xx::/64;2016-10-10 01:04:50;2016-11-22 04:17:56
11920 (UNK-AS);usa (United States);144.216.127.x/32;2016-11-10 20:21:25;2016-11-21 22:58:28
42004 (ULGRP-AS);gbr (United Kingdom);91.151.6.x/32;2016-11-07 10:20:03;2016-11-15 12:38:37
14031 (SCXY);usa (United States);140.221.248.x/32;2016-10-24 20:13:01;2016-11-15 00:34:31
7303;arg (Argentina);190.137.186.x/32;2016-11-12 23:21:26;2016-11-13 02:14:42
18474 (AENEAS-CWUS);usa (United States);64.22.8.x/24;2016-11-11 17:07:42;2016-11-11 23:16:36
4476 (BCIT);can (Canada);142.232.96.x/24;2016-11-08 23:44:51;2016-11-10 21:31:02
8220 (COLT);deu (Germany);2001:920:18xx::/64;2016-11-10 13:24:37;2016-11-10 14:11:58
27618 (QUICKSTREAM);can (Canada);66.171.128.x/32;2016-10-21 16:21:40;2016-11-08 23:40:56
27500 (ICANN-MEETINGS);usa (United States);2620:f:80xx::/64;2016-11-04 04:44:36;2016-11-08 05:07:23
25198 (NETACTION);rou (Romania);89.34.237.x/24;2016-09-10 22:00:56;2016-11-06 02:06:18
56766 (TELECABLEMK-AS);bgr (Bulgaria);31.13.200.x/32;2016-10-30 06:36:20;2016-10-30 07:08:54
35860 (IMAGINE-NETWORKS-IMGNET);usa (United States);192.149.254.x/24;2016-10-21 16:23:32;2016-10-28 22:15:38
18451 (LESNET);can (Canada);2605:e200:xx::/64;2016-10-18 17:17:38;2016-10-27 17:33:29
4230;bra (Brazil);200.166.197.x/32;2016-08-29 18:36:02;2016-10-25 19:46:54
22608 (OKPUD-WA);usa (United States);63.142.200.x/32;2016-10-24 23:21:34;2016-10-25 00:05:48
18451 (LESNET);can (Canada);208.81.2.x/32;2016-10-19 06:35:13;2016-10-24 05:20:35
57888 (TELESAT-AS);bih (Bosnia and Herzegovina);93.157.196.x/32;2016-10-24 00:06:39;2016-10-24 00:38:18
262149;cri (Costa Rica);2800:640:xx::/64;2016-10-23 14:09:59;2016-10-23 21:13:22
30475 (WEHOSTWEBSITES-COM);usa (United States);2607:fc88:10xx::/64;2016-10-22 03:23:12;2016-10-22 19:40:32
12322 (PROXAD);fra (France);2a01:e35:2exx::/64;2016-09-27 17:02:23;2016-10-14 17:52:02
8674 (NETNOD-IX);swe (Sweden);77.72.227.x/24;2016-08-22 10:41:43;2016-10-12 11:33:56
3582 (UONET);usa (United States);2607:8400:2exx::/64;2016-10-05 23:45:23;2016-10-11 16:46:27
3582 (UONET);usa (United States);128.223.61.x/24;2016-10-05 23:45:23;2016-10-11 16:46:27
49981 (WorldStream);nld (Netherlands);109.236.84.x/32;2016-10-02 03:53:27;2016-10-09 05:06:18
60144 (THREE-W-INFRA-AS);nld (Netherlands);91.92.108.x/24;2016-09-20 06:36:13;2016-09-29 11:58:06
60144 (THREE-W-INFRA-AS);cze (Czech Republic);91.197.234.x/24;2016-09-28 21:31:43;2016-09-29 11:42:57
33837 (PRQ-AS);swe (Sweden);2a00:16b0:xx::/64;2016-09-27 14:52:35;2016-09-27 15:37:22
33837 (PRQ-AS);swe (Sweden);88.80.0.x/32;2016-09-27 14:52:35;2016-09-27 15:37:22
2119 (TELENOR-NEXTEL);nor (Norway);2001:4643:b1xx::/64;2016-09-25 13:42:41;2016-09-26 14:09:50
34245 (MAGNET-AS);irl (Ireland);2a01:148:xx::/64;2016-09-26 08:30:05;2016-09-26 12:41:23
2914 (NTT-COMMUNICATIONS-2914);usa (United States);2001:418:3xx::/64;2016-09-26 00:26:57;2016-09-26 01:31:47
54839 (EMPIRE);usa (United States);198.102.31.x/24;2016-04-15 04:57:15;2016-09-25 16:20:34
22384 (NATIONALNET-1);usa (United States);66.115.129.x/32;2016-01-01 18:09:15;2016-09-23 14:13:32
31712 (GIGASTREAM-AS);gbr (United Kingdom);83.142.39.x/32;2016-08-22 13:08:18;2016-09-20 14:11:51
50056 (AI-NET);gbr (United Kingdom);2a01:8000:1fxx::/64;2016-07-18 10:51:52;2016-09-12 15:28:19
50056 (AI-NET);gbr (United Kingdom);178.18.118.x/32;2016-07-18 10:51:52;2016-09-12 15:28:19
8674 (NETNOD-IX);swe (Sweden);77.72.226.x/32;2016-08-30 07:27:50;2016-09-12 07:36:47
2500 (WIDE-BB);jpn (Japan);2001:200:xx::/64;2016-09-07 10:39:11;2016-09-10 00:26:18
7575 (AARNET-AS-AP);aus (Australia);113.197.10.x/24;2016-08-26 04:07:42;2016-09-08 04:53:24
7575 (AARNET-AS-AP);aus (Australia);202.6.112.x/24;2009-04-06 06:17:51;2016-08-30 01:11:00
7575 (AARNET-AS-AP);aus (Australia);2001:388:70xx::/64;2016-08-22 06:48:34;2016-08-30 01:11:00
557 (UMAINE-SYS-AS);usa (United States);2610:48:1xx::/64;2016-07-13 18:02:05;2016-08-29 13:57:03
200837 (PCEXTREME-UK);nld (Netherlands);185.95.29.x/24;2016-03-24 22:56:30;2016-08-23 14:44:48
33788 (KANARTEL);sdn (Sudan);197.254.220.x/24;2016-08-16 17:04:19;2016-08-18 13:12:43
31337 (ELEET-AS);swe (Sweden);2001:67c:18xx::/64;2016-07-22 18:50:19;2016-07-23 07:59:06
2033 (PANIX);usa (United States);2001:470:xx::/64;2016-05-28 23:01:00;2016-07-18 19:37:23
198385 (AlpineDC);che (Switzerland);37.35.107.x/32;2016-07-12 08:55:00;2016-07-12 10:01:24
61049 (AS-EXASCALE);gbr (United Kingdom);185.20.52.x/32;2016-06-10 11:20:37;2016-06-25 19:21:55
3741 (IS);zaf (South Africa);2c0f:fc00:a0xx::/64;2016-06-15 11:50:46;2016-06-17 21:28:42
7377 (UCSD);usa (United States);2607:f720:fxx::/64;2016-02-12 19:35:38;2016-06-14 19:32:14
262426;bra (Brazil);177.39.131.x/32;2016-05-25 22:11:10;2016-05-26 13:02:54
36352 (AS-COLOCROSSING);usa (United States);107.172.23.x/24;2015-10-23 14:44:30;2016-04-23 18:25:01
16276 (OVH);deu (Germany);51.254.23.x/24;2016-02-28 20:58:58;2016-04-17 18:58:38
8816 (IT-STCOM);ita (Italy);212.45.144.x/32;2016-03-31 15:03:36;2016-04-08 05:03:56
